initial_state_id,path
0,f1
1,-d3.-r3
2,-f0.d0.-f0
3,-r1.r3.d2.d2
4,r1.-d1.f1.f3.r0
5,d0.r1.-r0.d1.d3.-f3
6,f2.d1.-f2.d0.f3.-r3.-f1
7,-f2.-d0.d3.-d1
8,-d1.-f0.-d1.f3.-r3.f1.-r1
9,-f1.r1.d1.d1.-r2.-d2.r3.f0.-r3.-d0
10,-f0.f3.f2.-r0.r2.f2.f2
11,f0.r2.f3.d1.-d0.-r0.f3.-r2.f3.-r2
12,f1.-r2.d3.f3.f2.d1.d2.d2.r0
13,-f0.d3.-f2.d3.d0.-r3.d1.r1.f3.-d1
14,-f3.-r3.-d3.-r0.-d1.r1.f3.-f1.-d1.-f2.-r1.f2.f2.r1.-f2
15,r1.-d3.r0.f0.d2.d3.d3.f0.f3.-r3.-f3
16,-r1.-d0.-d3.r3.-f2.r2.-f3.-f3.-f2.-r0.-d2.-r0.-d0.f2.r0.-f2.-r0
17,r1.r2.-d1.f1.r0.-f0.-d0.r0.-f0.r2.d2.f1.-d2.-r0.-d3.r0
18,-r2.f1.-r0.-d1.-d1.-d2.r3.-f2.-r3.f2.r3
19,-f3.-r3.f0.f3.-f2.-d1.r0.r2.d1.-r2
20,r0.d0.r0.-r3.-f0.f2.-d0.f1.r2.d1.-r2
21,-f0.r1.f0.d2.-f3.-r3.d2.d2.f1.d3.d3.-f1
22,r3.d2.-d0.r3.f0.-d0.-r1.r2.r2.f3
23,-d3.d2.f0.f1.f1.-f3.-f3.f2.f2.-r2.-d3
24,-d3.-f1.-d3.d1.-d0.r0.d1.-f3.-f3.-f0.-d1.f0.-d0.-f2.d0
25,-f0.-d2.d3.-r2.d0.f1.f3.r3.d1.-f3.-d0.f3.-d0.-f3.d0.f3.-d0.-f1.d0.-f3.d1
26,r3.-f0.f3.d2.-r2.-f0.d0.r1.d0.f1.-r3.-d1.-f1.r3.r3.-f2.-r3
27,-d3.-d3.f2.-r2.-d1.r3.f1.-d3.f1.f1.-d3
28,-d3.-r2.-d1.d2.-r2.-d0.f1.f1.d0.-r1.-d0
29,d0.d2.-r3.-d1.d3.f1.f3.d2.-f3.-d2.f3.-r3.-f3.-d0
30,r0.d2.-r2.f1.f1.-d3.-r1.-f3.-r0.-d1.d0.d0.r0.d2.-r3.-d2
31,-f0.r0.-d0.r1.-f3.d2.-f3.-f3.-d1.-r0.-f0.-d1.-f0.d1.d1.f0.f0
32,f0.r2.f3.r0.-r1.-f2.-d3.-d3.f0.-r0.f0.-d0.-f0
33,-d0.-d1.f2.-f1.-r0.-r3.-d3.-r3.-r2.f1.-r2.-d1.f0.r2.f0.d1.-f1.d1.f1.d1.d1
34,-f0.d0.f2.-r0.-r3.d3.-f3.d3.-r0.-f0.-d3.f2.f2.r1.-d3.-r1.d3.f1.-d3.-f1.-f1.d3.r1.r1.-d3.r1.d3
35,d3.-r1.-f1.d1.r3.d2.r3.d2.-r0
36,f1.-d2.d1.d1.-r3.f3.r3.r3.-r1.-r1.-f2.-f2.d0
37,-f0.d3.-f0.f1.-r3.r1.-f0.-r1.d3.r0.-r2.-d3.r2.r0.d3.-r0.-d3
38,d3.r3.d0.r2.r1.d2.r0.r0.d2.-f2.d2.-f2.-d3.-d3.f2.f2.d3
39,d1.-f0.r1.f1.f2.d2.-d3.-f0.d0.r3.-f3.r3.r0.f2.-d0.f2.-d0.-r0
40,-r0.-f3.-d3.r3.-d0.-f3.-d1.r1.f1.d1.-r1.-d2.-d1.-f1.-d2.f1
41,-d0.-r0.d3.r2.-f1.d2.r0.-d1.-d1.f0.-r2.-d0.-f1.r1.-f1.r2.f0
42,d0.r1.d0.-r2.f0.r1.d3.r0.-f1.-r0.f1.-d1.-f3.-d1.f3.d1.f3
43,r0.d2.d2.f1.-d0.-f2.r3.-f2.-f2.-r3.f0.d3.f0.-r2.-f0.-r2.f0
44,-r3.f0.r0.f2.d2.-d0.f0.d3.f2.-r3.f1.d3.d3.-f1.d3.d3
45,-d3.-f3.d2.-r0.d2.-f0.d0.r2.-f0.-r0.-d2.-f1.d2.-r3.d1.r3
46,r0.-r1.-d0.-f0.f2.d0.f2.f3.-d1.-r3.f3.d1.f2.-d1.d3.-f2.-d3
47,r1.-r2.d3.-r3.f2.-d2.-f1.r0.-f2.d3.-f1.-r3.f1.d2.r3.d2.-r3
48,r2.r3.-f3.-d3.r3.-d3.-f1.r3.-d3.-d2.r3.d2.-f1.-r2.f1.r3.r3.-f2.-d0.f2.d0
49,-r3.f3.r1.-d1.d3.f1.-d3.r3.f2.d2.-f2.r3.-f2.-r3.f2
50,-d3.f0.-d3.-r3.-f2.-d0.d1.-r1.f1.-f0.r1.f0.r1.d2.r1.-d2
51,-d2.f3.r3.-d1.-f2.-d0.-r3.d3.-f0.d3.-r2.-f1.r2.f1
52,-r3.d3.-r1.d2.-d1.-r3.r2.r2.-f1.-d0.r3.f1.f0.-r3.-f0.-d0.-r2.d0.r2.d0
53,-r1.r0.f2.r2.-d1.-f0.-r0.-d2.f0.-f3.-r3.f3.d1.-f3.-d1
54,-r0.d0.r3.f0.-d0.d1.d1.-f2.d2.-r2.-f2.d2.-r1.f2.r1.-f2.-r1.f2.r1
55,r3.-d2.f3.r0.f1.d3.-f3.d3.-f3.d3.-r0.f1.r0
56,-d0.d3.-f3.-r3.d0.f3.-r2.-d3.r2.f1.f1.d1.d1
57,-d1.r2.f0.r2.-d3.f3.d0.-r1.-r1.f0.-r3.-f0.r3.d1.-r3.-d1.f1.d1.d1.-f1
58,-d0.-f3.r1.f2.r1.-d0.-d2.-r3.-d0.-r2.d3.f1.-f3.d0.-f3.-d0.-f1.d0.f1.-d0
59,-f1.-d3.-r0.-f1.d0.-r3.f2.d2.-r2.f0.-r3.-d2.f0.-d2.-d2.-f0.r3.f0.-r3.-r3
60,r1.d0.-f0.-f3.d0.r3.r3.-f2.d2.-f2.d3.r2.r1.r1.-d3.-f1.-r2.d3.f1.d3
61,-r1.-r0.-f2.-d0.-r3.f1.r0.-r2.-d1.-r2.-f2.-d0.-f2.-r0.d0.-r0
62,-d3.d1.f2.-r3.r1.-f1.r0.-f3.r1.r1.d3.f3.r0.f3.-r1.-f3.r0
63,r0.-d0.r1.-d2.r3.-f1.f3.f3.d0.-f3.-d1.r3.-d0.f1.f1.d0.-r3.-d1.f3.d1
64,-r0.f3.-r1.f1.-d1.-f2.r3.-d2.-f2.f0.f0.r3.d1.r3.-d3.-d3
65,-d2.-f3.d3.-f2.-f2.-r0.-d1.-d1.-f1.-f1
66,-d2.r3.-d3.-r1.-f3.d1.-r3.d1.r3.f2.-d3.f1.d3.f0.r1.-f1.-d3.-f0.-f0.d3.f1.-r1.-f1.-d3.f1.d3.-f1.f0
67,-f0.r0.d1.r0.d3.-r1.r2.-f2.f0.d0.f2.-r2.-d0
68,r0.-d2.r0.-f2.-f1.r3.d0.-r2.d0.f0.-f3.-d0.f3.r2.d0.r2.-d0.-r2
69,-d2.-f3.-d0.-d1.-r2.d3.-f3.r2.-d3.f3.d3.d3.-f0.r3.r3.-f0.r3.-d3.-r3.d3.-r3.-f0
70,r2.-d3.f0.-r3.d3.d3.-f3.d2.-f3.-d3.f3.-f1.d2.f1
71,d0.-r2.d0.-r2.f2.r3.-d3.r1.r3.d3.f0.f0.-f1.-d0.f1.-r2.d0.-f1
72,f2.f1.r0.f0.-r2.f0.-r2.f2.f0.-r3.-f0.d0.d0.f0.f3.d3.-f3
73,-f1.-r1.r0.f2.-d2.f0.d0.r2.-f0.-d2.-r3.r2.d2.-r2
74,d3.-f3.r3.-r1.f3.d1.r0.d2.-f1.f0.d0.-f0.r0.d2.-r0.-d1.-r0.-d1.r0
75,-d2.-r3.d3.-f3.d3.-f0.-r0.f0.-r3.-d1.-f1.r3.r3.-r1.-f2.r1
76,-f3.-d2.-f0.-d1.-r1.r3.-f0.d0.r2.d0.-f3.f1.r3.f3.-f1
77,r2.-r3.-d2.-d1.-r3.r0.r0.f0.d0.r0.-d2.f3.-d0
78,-r0.-f1.-r3.d3.-f3.-d0.r2.r3.r3.-d0.-r3.-f3.f2.r3.-f2.-d0.-r0.f2.d0
79,-r3.r2.d0.-r2.-r3.-r3.d3.-r3.d3.-f1.r3.f1.-r3
80,f3.-r0.-d1.-f1.d0.-f0.-r3.f1.r2.-d2.r0.d2.-r2.d0.d0.r2.-d0.-r2.d0.r2.-d0.-r2.d0.r2
81,-r2.-d3.-f0.-f3.-d0.-d2.-r1.d3.-r2.d3.-r2.-d3.-f1.d3
82,-d0.r1.-f1.-d0.d1.d2.r3.-f0.d3.f1.f1.f0.-d3.f0
83,f2.-d2.f3.-d1.-f0.-r2.d0.r2.f3.-d2.f3.-r3.-d3.r3.-d2.-f3.d2
84,-d1.f3.-r3.d3.-r0.-d2.-r2.-f1.-f1.d0.r0.r0.f0.f0.-d2.-d2
85,d1.d1.-f2.r3.d1.d3.-f1.d1.-r3.d3.-r3.-d3.f3.f3.d1
86,f1.-d1.-r3.-r0.-f2.-f0.r1.-f0.-r1.d3.r1.r1.r2.-d3.-r2
87,-d3.-f1.-f0.-r3.-d0.-r1.-d3.f2.f3.r3.-f3.-r3.f2.-d3.-f2.-d3
88,f1.-f3.-r3.-f3.f0.r1.-r0.f1.-r0.d2.-r0.-f2.d1.d1
89,-f3.d1.-f0.d0.f3.-r3.f1.d3.-r1.d3.f1.r3.-d3.-f1.-r2.f1.d2.d2
90,d2.-r2.f0.-f1.-f2.d0.d0.-f2.-f3.d2.-f3.-d2.-f3.-d3.-f3.d3
91,f2.-r2.r3.d1.-f0.d0.-f3.r3.-d2.f1.-d0.f0.-r2.d0.r3
92,d2.-d0.-r0.f2.-d0.r1.-f1.r0.r0.-d1.-d1.-f3.d1.-f3.-r2.f3.-r0.-r0
93,d1.-r1.-r3.f1.r2.-d0.r0.-d0.d3.-d2.r2.d2
94,d2.d3.-f1.-f2.d3.r0.-r3.-r3.f0.f0.d3.r3.d3.-r3
95,r0.d0.-f2.d2.d2.r0.d3.r1.f0.f0.-r1.r0.-d1.-f0.d1.-d2.-f0.-r0
96,r1.r1.-r3.-f0.d0.-f0.-d3.-f3.d3.-f0.-d2.f0
97,f3.r0.f3.-r3.d2.-d0.-f0.f2.d0.r1.f1.r1.f1.d0.-f2.-d0
98,-r1.-d3.-r1.r0.r3.-f0.-d1.-d0.-d0.f0.d0.d0.d2.-f2.-d2.r3.f2.r3.-d2.-r3.d2
99,r3.-d0.f2.-d0.-f1.-r0.-r0.-r3.-d1.r3.f3.f3.-f1.-r0.-f3.-d3.f3.f1.f1.-d3.f1.f1
100,-r2.f0.f0.r3.-d2.-d0.-f0.r0.-r3.d1.f1.d1.d1.-f2.-d0.-f3.d0.f3
101,f1.r2.r2.d0.-r1.-f3.r3.d0.f2.f2.d0.-r0.-f0.f3.r3.f1.-d3.f1.-r3.f1.f1.r3
102,d0.-r0.f1.r2.r3.f1.-d3.-f2.-d3.-f3.r3.-f3.d1.f1.-d1.-f1.r3.f1.-r3
103,f0.-r1.f2.d3.d2.r2.-d0.r3.r2.-f0.-d0.r3.d0.r2.-f0
104,r2.r2.-d0.-d0.d1.f1.-d3.-r0.f0.-r0.-f1.-f1.-r1.f1.f1
105,-f3.-d3.-r2.-d1.-r0.d3.d3.-r2.r3.-f3.-r3.-r3.-f0.d2.r3.-d2
106,-r2.-d0.-r2.f0.-f1.-r0.f1.-d3.-r3.d3.r3.-d3.-d3.-r0.d3.d3.-r0.d3.d3.-r0.-d2.r0.-d3.-f2.d3.f2.r1.d3.-r1.-d3.r1.d3
107,r2.r2.-d1.f3.d3.-r0.-d3.-d3.f1.r3.d3.r3.-f2.-d3.f2.f2.r1.-f2
108,f2.r3.d1.-r2.-f1.r0.-d1.f2.f0.d1.-f0.-d0.r0.d0.d0.-r0.-r0.f2.r0.r0
109,d0.r0.f2.-f0.-r2.-d1.-d1.-r3.d1.-r3.-f0.d0.f0.-d3.r0.d3.-r0.-d3.r0
110,f1.-d0.r2.f1.-d1.f2.r3.r3.-f2.d3.f3.d3.f3.d2.-r3.d2
111,r2.d2.-f2.-d1.f1.f1.-d0.r3.f0.-r0.-f0.r0
112,-r0.f2.d0.-r2.d2.f2.-f1.d1.r0.f1.r0.-d3.-d3
113,-f3.-d0.r3.r3.f0.-f3.r1.-r0.-f2.d1.d3.d3.r0.-d1.-f3.-d1.-f3
114,-d1.f3.r1.-f0.-r2.r0.-d1.r0.-f3.-d1.r3.-d0.-d0.-r0.r3.r3
115,r3.d3.r0.f1.r2.-f3.-r1.-d0.f2.d0.f0.r3.-f0.-d0
116,f3.r1.r2.-d0.r3.f2.f3.-r0.-r0.f3.d2.-f1.-d2
117,f0.-r3.d0.r1.-f0.r2.r3.f0.r3.d3.-r0.-f1.-r0.-f2.-f2.-d3.f2.d3.d3.r0.-d3.-d3
118,-d0.-d1.-f1.-r1.-f0.-d3.-r0.f3.-d2.r0.-r3.d2.r3.-d0.d2.f0.d0
119,r0.d0.r0.f2.-f0.-d1.-d3.-f0.-d3.-r1.d3.-r3.-d2.-d3.f0.-d3
120,f3.-r3.f3.r0.d1.-r1.f0.-d3.f1.d1.f1.r3.d2.-r3.-d2
121,d0.f3.d1.r0.-f2.d2.d0.f0.-r2.f0.r2.d0.d0.-f0.-f0
122,d2.-r0.d0.-f2.-r1.-d2.-r2.-r2.-r1.-f3.-r1.-f3.r1.-d1.-d1.r1.f3.f3
123,-d1.-r3.-d3.-r2.d2.-r3.f0.r0.-f0.-f0.-f1.-r0.-d0.r0.f0.-r2.-f0.-d1
124,-f1.-f3.-d3.d2.-f2.f1.d1.r3.f0.f0.d2
125,-f2.r1.-d3.f1.-d1.r0.r0.d3.f3.-d0.-d0.f0.f0
126,-f0.f3.f2.r0.-d0.f3.-r3.-d2.r3.r3.d3.-f0.-d1
127,f3.r2.-f2.d2.-d1.-f1.-f0.-d3.-r0.-d3.-r0.-r1.-f3.r1.-r0.-r0
128,f0.r2.d1.-f1.r1.-r3.-d2.-r0.r1.f1.-r1
129,-d0.-f0.-d2.f1.r2.-r1.-d0.r0.f1.d3.f0.d0.-f0.d3.-r3.-f0.r3.d3.-r3.-f0.r3.-d3.-r3.-f0.r3
130,d2.d1.f1.-r1.d0.f2.-f0.-r3.-f1.-d2.r3.d2.-r3.-f0.d3.f0.-d3.f0.-r3.-f0.r3.f0.r3
131,f0.f0.-d3.-f2.d2.r3.r3.f3.-d2.-d2.r1.d2.-f3.d2.f3.-d2
132,r3.d2.r0.r3.d0.-d3.r3.d3.f1.-d3.r2.-d2.-d2
133,f0.-f3.r0.-d0.d1.-r2.-f3.d2.r3.-d0.f2.-r1.-d0.r1.d0.-r1.-r1.-d0.-d2.-d2.f1.d2.d2
134,f3.-d0.-f2.-r2.-f0.r1.r1.f3.d0.-d3.-r0.-d0.-f0.d0.-r0.-d0.r0.d2.-r0.-d2.r0.r0
135,-d2.r0.-d1.-r2.f3.r1.f0.r1.-d3.f0.-d3.f3.-d3.f3.d3.-f0.-r2.f0.r2
136,r2.-f2.-d3.f0.d0.f3.-r2.-f1.r3.f1.-d3.f2.-f1.r3.f1.d0.d0.-f2.-r0.d0.f3
137,-d2.d1.r0.-f1.-r2.-d0.-d0.r1.-d1.-f3.r2.r2.f0.-r2.-r2
138,-r3.f3.d3.f2.f0.d0.d0.r0.r0.d2.f0.d2.-f0.-f0
139,d3.-f1.-r1.-f3.-r0.-f3.-d2.r2.f3.r3.r3.-f3.d0.d0.-r3.-r3.-f3.-d0.-f3
140,r1.d2.f0.d1.r0.-d3.-f3.-r3.d2.r3.-f3.-r3.d3.-r2.-d3.r3.f3.-r3
141,-d2.-r0.-d0.r2.r2.-f3.d3.f1.-d2.f3.d2.-f3.-d3.r0.r0
142,f0.-r0.f1.-f3.d0.-r2.-d2.d0.r1.-r0.-r0.-d0.f1.-d1.d0
143,r2.d3.f3.-d0.r0.f2.-d1.f2.-f1.d1.-f1.d0.r1.-d0.r0.-d0.-f0.d0
144,r1.-f3.d0.-r3.f2.r0.d1.-f0.d1.r0.d1.r0.-d1.-r0.-f1.r1.f1.r1.-d3.-r1.-r1
145,-d0.-f2.-d0.f0.d3.-r2.r0.-f1.-f2.-d0.r1.d3.f2.-d3.-f2
146,-f1.f3.d1.-r1.d3.-r0.-d2.-f2.r2.d0.d0.r0.-f2.-r0.f2.f2
147,d2.r2.r3.d2.-d3.-f0.-r0.-d3.d1.d1.-f2.-f2.-r0.-d3.f2.f2.d3.d1.f2.-d1.f2.d1.-f2.-f2.-d1
148,-f0.-r0.-d0.-r3.f1.-d3.-r1.-r1.-f3.f1.d2.r0.-f2.-r0.f2.r0
149,d3.r1.-r0.-f2.-d0.-r3.r2.-d3.-r1.-f3.r0.f3.r1.f3
150,-d2.d1.-f2.-f1.r0.d0.r0.-d0.f0.-r2.-f0.r2.f0.-r2.-d1.f0.r2.-f0.-r2
151,r2.d1.d2.r3.f1.r0.d0.-f2.d0.r3.-d0.-r3.-r3
152,-f1.r0.d1.-f3.f0.d0.-f2.-f0.-r0.r1.-d0.f0.r0
153,-d3.r0.f2.-d1.r3.-f3.-r1.r0.f2.-r0.f0.-r2.-f0.-r3.f1.f1
154,f0.f2.-d2.f0.r0.-d0.f3.f3.f1.f1.f2.d0
155,f0.-r3.f2.-d1.f2.r0.f0.-r2.d2.r0.r2.-f0.-f0.r2.f0.f0
156,d3.-d2.r0.d0.-f2.d1.d1.-r3.d0.d0.-r2.-d0.f0.d0.f0.f0
157,d0.d1.-r3.f3.-r3.f3.r3.f2.-d3.r1.d3.d3.r1.-d3
158,-f3.d2.-r1.d0.-f1.d1.d1.r3.-f1.r3
159,d3.-f0.-f1.-r2.r0.d1.-r1.-f3.-d0.-d3.r0.d3.d3.-f0.-d1.f0
160,r3.d2.-f0.-d0.r0.d1.r1.d2.r2.-f1.-r2.f1
161,d1.-f2.d3.-f3.r1.-f1.r0.d3.r0.-d3.r2.r2.f2.-r2.-r2.-d3.r2.r2
162,r3.d1.-f0.-f3.-d3.r2.-r0.-f3.-d3.-f0.f1.r1.-f1.-r1.f1.r2.-f1.r2.f1
163,-f0.-f2.-r0.d2.-r2.f1.-r1.-d3.-r1.f3.d3.-r2.-d3
164,d2.r3.-r0.-f0.r1.f2.-r2.-f0.-r2.-d2.-r2.-d3.f2.d3.-r1.d3.r1.-d3.-r1.d3.f2.-d3.r1.d2.d3
165,f0.r2.-f3.r0.d3.r3.-f3.r2.-d1.-r2.-f2.-d3.-f1.-f1.-r1.d3.r1.-d3.f1.d3
166,r0.d2.-r2.-f2.r0.f0.-d0.f3.-r2.d3.d3.f0.f0.r3.r3
167,-f0.r2.d0.-f2.r0.-d2.r3.-f0.-d2.f0.-d2.r0.-f0.-r0.f3.r0.-d3.-d3.-r0.-f3.-r0.d3.-f3
168,-r1.-d2.-f2.d0.r0.f1.-f2.-d0.f1.-d0.f3.f3.-r2.-f3.-r2.f3
169,f2.f3.-d0.-f1.d2.-d3.r0.f0.d1.-r0.f3.-d3.r0.-f0.-f0.-d2.r3.d2.r3.r3.-d2.r3.d2.-r3
170,d0.r0.f2.d2.-f1.-d3.d1.f2.-r3.d1.f2.-f0.r1.-f0
171,r1.-d3.f0.d2.f3.-r1.f2.-d0.f3.-d0.-f1.-d0.r2.-f3.-f3.d0.d0
172,r3.f0.-r1.d2.d3.-f1.r2.d1.r2.-d0.r3.-d1.d0.-r3.-d0.r3.d0.-d1.-r3.d1.r3.-d0.-f1
173,f0.d1.d3.r0.-d3.f0.-r2.-d0.r2.f0.r1.r2.r2.-d3.r2.r2.d3
174,-r1.d1.-d0.d3.f0.-r0.-f0.d0.f0.r3.r3.-f2.-d1.f2
175,-r2.f3.d1.r3.f0.-r1.-r0.d3.-r0.-r0.d1.d3.r0.-f3.-r2.-r2.f3
176,f3.-r3.-d1.r1.f2.-d2.-r3.r0.f0.-f2.-d3.f2.-r1.-d3.-f2.d3
177,f0.-f3.-d2.-d1.f1.d3.-r3.d1.f2.d1.-r3.f2.r3.f0.d1
178,f2.d3.f1.-r3.-f3.f0.-r2.f1.d0.-f1.f0.r1.d0.r1.d0
179,f3.-f2.f0.r0.-d2.-d1.-r2.-d1.-r0.-f1.-f1.-r0.f1.-d0.-d0
180,-d0.-d3.r3.-d3.-r0.f1.-r1.f2.-d2.-f2.-r2.f3.r0.-d1.-d1.-f3
181,-r3.-f2.f0.-d0.f3.f1.-d1.r0.f2.-d0.-r0.d2.r0.d2.-r0.-r0.d0
182,f0.-r0.f1.f2.f3.d1.-r1.-d3.-r1.-d3.-d3.-f3.-f3.-d2.-f3.d2.f3.-d2
183,-r3.-d2.-f1.-f1.-r2.f3.-d0.-r0.f2.f2.r0.d1.r0
184,d3.-f3.r0.-d0.d1.f0.d2.-r3.-r3.-d3.r3.-d3.f2.-d3.-f2.-d3
185,-f3.d1.r2.-f2.r3.d0.-f2.-d2.-r3.d2.d2.r3.-d0.-f3.d0.f1
186,f3.r0.f2.-f1.-d3.-f0.-d1.r1.f0.-r3.f1.r3.-f1
187,r0.-f0.-d0.r2.f3.-d0.r3.r3.d2.r3.r3.-d2.-d2
188,-f2.-r0.-r3.f1.-r0.f3.f3.r3.-f3.-r1.-r0.-d0.r0
189,f2.f1.-d0.r3.f3.f1.-d2.-d2.r1.-d3.-f1.-r3.d3.r3.-d3.-r3.f2.d3.-f2
190,d1.f3.-d2.d3.d3.f3.d1.f3.r3.-d1.-f3.d1.f1.-d1.-f1
191,d2.-f0.-r1.-f3.d1.-f2.d3.f1.r3.r3.f2.-r0.d0.-f3.-r0.f3.r0.-d0.r0.d0.-r0.-d0
192,-d1.d2.d0.-r1.-f3.-r0.d0.-d3.r1.f2.-r0.-f3.d2.d2.f3.-d0.r0.d0
193,-d2.r3.f2.-r2.-d0.-f0.-d1.r1.-d1.-d1.-d0.f1.d0.r1.-d0.-r1
194,-d0.-d1.d2.-f1.-r3.-f3.d2.d2.r3.-d2.r3.d2.-f0.-d2.f0
195,r1.f3.-f0.d0.f3.-d2.d3.f0.f0.-d2.-f1.-d2.f1.d2.-f1.r0.r0.-f0.-r0.f0
196,r0.-d3.r2.-f1.-f1.r3.d0.f0.-f1.-r1.f1.d1.r3.d1.-r3.-d1
197,r1.-d1.-d0.r3.-r2.f2.-r0.f3.r1.d2.-f3.-d1.f3.-r2.-f3.-d2.r2.f3.d2.-f3.-d2.r0
198,d3.-d0.-d0.f0.r3.d1.-f2.d0.r1.r1.r3.-f1.-r3
199,r3.-f2.d3.r3.d1.f1.r1.-f1.-d3.-r1.d3.r1.-d3.-f2.-r1.f2.-r0.-f2.r0
200,f3.d1.-f1.f2.d1.-r3.-r1.-r1.-f0.r0.-d0.r0.-r3.-r3.f0.-r3.-d2.-r3.d2.-r3.-r3.-d2.r3.r3
201,f0.-r0.f2.d3.r2.-f0.-d3.-r1.-f3.d2.f3.-r2.-f0.-f0.r1.f0.f0.r2.-f0.r2.f0
202,f0.-f2.d3.-r3.d0.-f2.d2.r3.f1.-r3
203,f1.-f2.-f3.-r0.d0.-d2.-d3.f0.f0
204,-r3.d0.r1.r0.f1.-d0.d2.-f2.r2.r2.-d2.-d2
205,d1.-r2.-d0.-f2.d2.-r1.-d3.f3.r0.-f3.d3.f3.-f0.-f0.r2.r2.f0
206,d0.-d2.-f1.r0.r0.f2.-f0
207,f2.-r2.d3.r1.-f0.-d2.r2.-d2.r3.-d1.d2.r3.d0.-r3.-r3.-f0.-d0.f0.f1.d2.-f1
208,d3.r1.-d1.f2.f1.-d2.f1.-r3.f3.f3.r0.-r2.-r2
209,-r3.d3.f3.-d0.d1.-d2.-f2.f0.f1.-d0.r1.-d0.-r1
210,d0.-r1.f1.-d1.-d2.r0.f3.r0.f0.r0.-d3.f2.-r0.d3.f2.f2.-r0.-d2.-d2.-d3.r0.d3
211,r3.-d3.r0.-d3.r0.-r2.f0.d2.-d1.-r2.d1.r2
212,r2.-r0.-d2.d3.-f1.-r0.-f0.-f0.r0.r0.-d2.-f2.-d2.f2.-r3
213,-f0.d1.-f3.-d3.-r3.-d3.f1.-r2.-d3.-d1.-r2.d1.f3.f3.r1.d3.r3.-d3.-f3.d3.r3.-d2.r3.-f2.d3.r2.-d3.-r3.-d3.r3.d3
214,r1.-f0.-d2.f1.f3.-d0.d3.r0.f3.d2.f3.r0.-d2.r0.r0.-f3.-d1.-d1.-r0.d1.r0.d1.-f3.-d1.-d1.f3.f3.-d2.-f3.-f3
215,-d2.-f0.d1.r2.d3.-r3.-r2.-r2.d0.d0.f3.f3.d3.d3.-r0.-r0.d3.d3.-d1.r0.-d3.-r0.d1.r0
216,-r0.-d0.d3.-r0.-r2.-d3.-r1.f3.-r1.d3.f2.f2.-d3.-d3.-r2.d3.-r2.-d3
217,d2.-f1.-r2.d2.f2.f0.-r2.d0.-r3.d2.r3.-d2.-r3
218,r2.-d0.r3.f2.-r0.f1.-f3.-f3.r2.f3.f0.-r2.-f0.d3.r2.-d3
219,f1.r3.-f3.-r0.d2.-d1.r3.-d3.-f0.r1.-d3.r1.d3.r1
220,-r3.-f0.-r3.d0.-r2.-d3.-r1.r0.-d3.-r0.f2.f2.r3.-f2.r3.-f2
221,f1.-r1.f3.f2.-r2.-f0.d2.r3.-d0.f3.-d0.-d0.r0.f0.-r2.d2.r2.-r0
222,f3.-d2.-f2.-d3.r0.-r1.d0.-r1.f0.-r1.f0.f0.-d0.r3.-f0.r3.r3.d2.f0.r3
223,f3.r0.r0.-d0.r3.-d0.d2.-f1.-f3.r3.-d2.r3
224,f3.-d2.r3.d0.-f3.-f1.-d0.-r2.f0.-r1.-d2.r0.-f0.d2.d2.f0
225,d3.-f2.-d3.r2.d2.-f0.d0.-r0.f0.d1.-d0.f0.d1.-d0.d1.r3.-d1
226,r2.-d1.-d2.-r0.-d0.-r1.-d0.-d3.f2.d3
227,d2.-f0.d3.r3.-f2.-f3.d0.f3.-r1.f3.-r2.-f3.r2.f3.-r2.-f3.-f2.-d1.f2
228,r0.r2.-d3.r1.d1.-f2.r3.-d0.-r3.f3.-d3.f0.-r0.-f0.-f0.-r0.f0
229,-r3.f1.-d2.f3.d1.-f0.d1.d0.-r2.-d0.-f2.d0.-f0.d0.f2.f2.-r0.-f2.-d3.-f2.d3.f2
230,f0.f3.r3.f2.d2.r1.r0.f0.-f3.-d1.-r2.-r2.f3
231,-r1.f0.-d1.f0.r1.f2.d2.f3.r0.r0.r3.-d0.-r3
232,r2.f3.d2.f1.d0.-r3.-f2.d3.f2.r0.-d0.-f0.-d2.-r0.-r0.-d3.r0.-r3.d2.r3.d2.-r0.f1.r0.-r3.f1.f1.r3.-f1
233,f0.-r0.-d1.-r3.-f1.d0.-r3.-f1.-r3.r2.f3.-d0.-r2.r0.-f3.-r0.f3.f3.r0.d2.f3.-d2.-f3
234,-r2.-d1.-r3.f3.d0.f3.-f1.r1.-d1.-r0.-r0.r1.f1
235,-r3.r0.-f1.r2.-d2.-r1.f3.-r2.f3.-r2.f3.r2
236,f2.-r3.d0.f2.-d1.-f3.-r1.d3.d3.r1.r1.-r2.f3.d2.-f3
237,-f1.-r1.d1.d0.-r2.-r0.f0.-r0.d0.-r3.d2.d2.r0.-f2.-f2
238,-d3.f2.-d1.r3.-f1.f3.f3.r1.-f0.-r1.d1.d1.-r0.-f1.r0
239,r0.f3.-r3.-d2.-f2.-d3.d0.f3.-d0.-r0.d0.r2.f1.f1.r1.-d2.-r1
240,r1.-d3.f1.-d0.-f3.r1.-d0.-d1.-r2.-d1.r2.d1
241,-f1.r0.-d3.-f1.r3.d1.f0.r3.r2.-f2.-r2.d2.r2.-f2.-r2
242,-f1.d3.-f3.-d2.r3.f0.d3.f0.d3.f3.r0.-f3.-r0.f2.-r0.-f2.r0.-d2.f2.f2.d2
243,-r2.f0.d2.-r2.f0.-d0.d3.f3.-r0.-d2.-f3.-d3.f3.f0.r0.-f0.-f2.d3.f2.d3
244,d2.-d0.-r0.f3.d3.-r2.-d1.d3.-r0.-d3.f1.-r3.f0.d0.-f0.-d0.f1.-d0.-f1.r0.d0.d0
245,-d0.r2.-r3.f0.-d0.-r3.d2.-f1.-f1.r0.r0.d3.f0.r1.r1.-f0.d3
246,f2.-r0.-r3.d3.f0.-r1.f1.d0.r3.r3.-d0.-d0.-r3.-r3.d1.d3.-f0.d1.f0.-d3.-d1
247,r3.f2.-r2.d1.-f3.r1.d2.r2.-f0.f2.-d3.-f2.d3.-r2.d3.-r2.-d3.r2.f0.d2.-f0.-d3
248,r2.d1.f1.f1.-d3.-r0.-d2.r3.-d0.-d0.-f1.r0.-r1.f1.r1.-f1
249,-d3.-r1.-d1.-r2.-r0.-d2.-f1.-d1.-r0.d3.r0.-r1.-d1.-d1.r1
250,-r1.f0.d1.-r3.f0.r3.d3.d2.-r3.d0.d0.r1.r1.-d3.f1.f1.-d0.f1.-d3.-f0.d0.-d3.-f1.-d3.-d3.f1
251,-r3.-f3.r0.f1.-d1.-r2.-f0.d1.d1.f2.f0.f0.r3.r1.d1.-r1.-d1.r1.r1
252,d0.r2.-f2.-f0.-d3.-f2.-r0.-r0.-f1.-f1.-d1.-r3.d1.d3.d3.r0.-d3.-d3
253,d1.-r1.r3.d3.f2.-r0.-d3.-d3.-d1.-r0.-f0.f2.-d3.-f0.d3.d3.-d1.-d1.f2.f2
254,-f0.-r1.-f3.r0.-f1.-r3.f3.f2.-r3.-d3.d0.-f2.d0.r0.r0.-d3.-r0.-r0
255,-d1.-d0.-r3.-d2.-f3.-d1.f0.f0.-r0.-d3.-r3.f2.f2.-f0.r3.f1.-d3.-r1.-f1.r1
256,f2.-f0.r3.-d0.f0.d0.-f1.r1.d1.d1.r3.r1.-d2.-r1.-d2.r1
257,-r3.f0.-f3.d2.-r2.-f1.d0.-r0.r2.r2.-d1.f3.f3.-d1.f3.d1.d1
258,d0.r3.d3.-f3.d0.r0.-f0.r0.-d2.-f0.-r0.f0.-r0
259,-r3.-d3.-r3.-d3.-r1.-f3.-f1.-r2.f1.r2.d3.d3.-f0.-d1.-f0.d1.-f0.d3.d3.r1
260,-d3.r3.-f3.d1.-r2.f3.-d2.-f1.-d3.f1.d3.-r1.-d3.r1.f3
261,d3.-r3.-f0.-f2.d3.f1.d0.r2.-d1.f2.-d1.f2.f1.d1.f1.-d1.r3.r3.-f1.-r3.-r3
262,f0.-d3.-f0.-r3.d2.-f3.-r0.-d3.r2.-f3.-f3.-r2.f3.-r3.d2.r3.-d3.-f2.d3.r2
263,-f1.-f2.-r3.d0.-f2.-d1.r3.r3.-d1.-f3.d3.d3.r3.r3
264,r3.d0.d3.r3.d3.-f2.d3.-f0.d1.f0.-r1.-f0.r1
265,f3.-r1.f0.d3.-r3.-f1.-r1.f3.d3.-f2.-r1.f2.r1.-f2
266,d2.-f2.-r0.d0.-d1.r0.r3.-d3.-f1.-r3.-f1.r3.-d3.r3.f2.-r3
267,-r0.-f0.d1.-r1.d0.r2.d0.-r3.-d3.d0.f2.r0.-f0.-r0.-f2.r0.f2.-r0
268,-f3.d0.-f3.r1.d3.r3.f3.-r0.r3.f2.-d2.r1.-f3.-r1.-d2.-d2
269,-d3.r0.f1.-d0.r0.f0.-r3.-f0.-d1.d0.d0.r1.f2.r1.-f2.r2.f2.f1.-r2.-f1.r2.r2.f1.f1
270,r3.-d0.-f3.-r0.f0.r2.-r3.-r1.-f1.-f0.r2.-f0.f1.r2.-f1
271,d2.-f1.d2.-r2.-f2.d3.f2.f2.r1.-f3.-f3.-r1.f0.d1.f3.-f0.-r1
272,-f1.r3.-d1.-d3.-f3.-d0.f2.r0.d2.-f1.-d2.r0.d2.r0.d0
273,-d1.-f2.-r3.f0.d2.-d1.-r3.-d1.-f1.r3.-d1.f1.f1.d1.-f1
274,-d1.-f2.r0.d3.-f1.-r3.-d0.-f0.r3.f3.r2.r3.f0.-r3.-r3.-f3.d0.d0.f3.r3.-f3.-r3.f3
275,d1.-d0.r1.d3.r3.d1.r2.r1.d0.-r1.f0.f0.r3.r3.r1.r1.-f0.-f0
276,r0.f0.d0.-r3.r1.r2.-f2.f3.d1.-f3.d2.r1.d2.f3.-r1.-f3
277,f0.r0.r0.-f2.d3.-f0.-d1.r3.d1.d2.-r3.d2.r3
278,-r0.-d3.-f3.-d1.d2.f2.-r2.d0.r2.d2.r2.f2.-r0.-f2.r3.-d0.-r3.d0.r3.-d0
279,f1.-r3.-d0.-f2.-r3.r0.f1.d3.d3.r0.-f1.-d1.-d1.r0.f1.-r0.-f1
280,-d0.f1.r0.f2.-f0.-d1.r0.-d1.f0.-d1.-d1.d0.-f0.-r0.-f1.-r1.-r1.f1
281,d1.f2.r0.f2.d1.f3.d0.-r0.r1.f0.f0.-r1.-f0.r3
282,r3.-f2.d3.f3.r3.-r0.f1.-r0.-f1.r0.d0.r1.-r0.f3.f3
283,r0.-d0.-f3.d2.r1.d3.-f0.r0.-d3.-d3.r0.d3.-f1.-r0.-d1
284,-d2.r0.-d1.-r3.f3.r1.-r0.f3.d0.-r0.d0.-r1.-d0.r1.d0
285,d0.-r2.-f1.f0.-r1.-d3.f0.-f3.d2.r2.-f3.r2.f3.-d2.f3.d2
286,f2.r0.-f0.-d3.-r0.-d2.d0.-r3.f3.-f1.-r1.-f1.-d0.-f1.d0
287,-d1.r3.-d2.r3.-d0.d3.f1.r1.r2.r2.f0.-r1.f2.r1.-f2.-r1.f2
288,-r3.f2.-r0.f0.-d2.-r0.d1.f2.d2.f3.-f2.f3.-r2.-f3.f2
289,-d3.f3.-d0.-f1.-r3.r1.r1.-r0.f3.d2.r0
290,-r0.-f3.-d0.-f1.-r3.d0.-r1.-f1.-d2.f1.-f3.-r0.f3.-f1.-d2.r0.f1
291,d0.f3.-d3.-r0.-f3.-d2.-d3.-r2.r3.d3.-r3.-f0
292,-f2.d1.-r0.-f2.-f1.-f1.-d3.-d3.-r1.f0.r1.-f0.-f0.r1.f0.-d1.-f0.d1
293,d1.f0.-d3.-r3.d1.d2.-f1.-d3.-r1.-d2.-f3.d2.r3.-d2.-r3.f3.f3
294,-d1.f1.d3.r0.-f0.-d0.-r0.-r0.-f3.r3.-f3.-d3.-f3.f2.d3.-f2.-d3.f3.d2.f3.-d2.-f3.-f3
295,r3.-f1.r1.d3.-r2.d1.-f3.r1.-d0.f3.-r3.d2.f3.r3.f3.-d3.-r3.d3.r3
296,-r1.r2.-r0.-d3.r3.f3.d3.f0.-r1.-d3.r1
297,d2.f0.r3.f2.d2.d1.r0.-d1.-d1.r2.-d3.f2.d3.r2
298,-f3.-r1.-f2.-d1.d3.-r0.d0.d0.f1.-r0.-r0
299,d2.-r0.r2.-d3.f1.f1.d0.-r2.-f3.-f3.r2.f0.-r3.-f0.r3
300,f3.-d3.-f1.-f2.d2.-r3.d2.-r3.-d0.r2.f3.-d3.-r2.-f2.d3.d3
301,-d0.-f1.r0.-f2.-d3.-f2.-d0.-r1.d0.-f0.r1.-f0.-r1.f0.-d0.-r1.d0.r1.-d0.-r1.d0.r1
302,-f0.-r0.d0.d1.-f0.-d3.r3.f0.r1.f3.f3.-r1.-f3.-d2.f3
303,-d3.f1.d0.-r2.f2.-f0.-d3.-f0.-r3.-f1.f2.-f1.d1.d1.f1
304,-d3.-f3.d3.-f0.-r2.-f3.-d0.r2.-d2.-r0.d0.-r2.r0.-f3.-r0.r2.f2.f2
305,-r3.d3.r1.f0.d3.d2.f3.f3.r3.-f0.-r3.-d0.f0.r3.f1.-d2.-d2.f1.f1
306,-f3.-r0.-r0.-d3.r1.-f2.r0.-f0.-r2.r0.f0.-r0.-r2
307,-f2.r3.-f2.d3.d2.f3.r3.d0.-r0.-f1.-r1.d0.r0.r1.r1.-d0.-f1.-r1.-f1.r1.f1.-r1
308,r1.-d0.f3.-d2.-r3.d1.-d3.-r0.-d0.-d0.-r3.f2.d0.d0.-f2.-f2.r3.f2.f2
309,-r0.d2.-f2.r2.r3.d2.-r1.-d0.-f3.f1.d1.f1.-d0.r2.f3.-r2.-f3.r2.r2.d0
310,d1.f3.d1.-d2.f1.r1.-d0.-r0.-f0.r0.-f2.-f2.f0.d0.d0.f0.f0
311,-f1.-r3.f0.-f3.r3.r2.-f2.f0.-d1.f0.d3.-f2.-d3.-f2
312,-f1.d2.-r0.d1.-f3.-f2.r3.-d3.r3.d3.d3.-f3.-d0.-r0.d0
313,f3.d0.-f1.-r1.-r2.-d2.r2.-f0.d1.-d3.f2.-d3.-f2.f0.d3.-f0
314,r3.-d2.-d3.r1.-r0.f0.-d3.-f3.d3.d3.-f3.r1.-r3.d2.d2.r3.-d3.-f2.d3.d3
315,-r3.f2.f0.f0.-r2.-r3.d3.-r0.d1.r0.-d1.-d1.r2.r2
316,f0.r2.-d1.-d0.r1.d3.f2.-d3.r0.-f2.d0.r2.f3.-d0
317,d0.-d3.f2.f2.-d1.-d1.r3.-r2.d0.r2.d0.f1.d0.-r0.d0
318,-f3.-d1.-f1.d0.-f0.-f0.-d1.d0.-f1.-r2.d0.-f3.d2.f3.-d2.-f3
319,d2.r0.f0.r0.f1.-d3.-d3.f3.-r2.d1.-f2.-r2.-r2.-d1.f2.d1
320,-d2.-r3.-f1.-d1.-f2.-r2.-f1.-r3.f0.f0.r3.-f0.-f1.-r1.f1.f2.r1.-f2.-r1
321,-d0.-r2.d0.f2.r3.-f1.r3.-d1.-d1.d0.d0.r0.f2.d2.-f2.-d0.-d0.f3.-d0.f2.d0.-f2.d0.d0
322,-f3.-r0.r2.f1.-f3.-r3.f1.d3.r0.r0.-d3
323,-d0.-f2.d1.r1.-r0.-f3.-r2.-r2.d2.-r3.-d3.-f1.r3.r2.-f1.-r2.d3.f1.-d3
324,-f3.d1.-r3.d2.-f0.-f3.d0.r3.f2.r0.d3.-f2.-r3.f0.-r3.-r3.-f0.r3.r3
325,-f3.d3.-r0.f2.-d2.r3.-f0.f2.r3.-f2.-r3.r2.-f0.-r2.f0
326,-f0.f3.f2.-d1.d2.r3.d2.-r1.-r2.-f0.r0.r0.r2.d2
327,-r2.f0.f1.-d3.-d0.-d0.f0.d1.-f0.-r2.-r2.f3.-d1.-f3
328,-f0.f2.-r2.-f1.r3.d0.f2.d0.d0.-f1.-d0.-r2.-f3.-d0.f3.-r3.f2.-r3
329,-d0.-r0.-d1.-f0.-f1.-r0.d2.r2.r2.d2.-d1.-d1.-d0.f2.d0.-f2.-d0.f2
330,-r3.-f3.d2.-r3.f1.f1.d0.d0.f2.f2.-r0.f2.f2
331,-f0.f1.-r1.-r1.d0.r3.d2.d3.d3.f3.r3.f3.r3
332,-r3.-d2.-d0.-r0.-r2.-d0.-r3.r2.f1.r2.f0.-d3.-f0.-r3.-f0.r2.f0.r2.-f0.-f0.-r2.f0
333,d3.-r2.f2.d2.-r0.-r3.-f1.-d3.-f1.d3.d3.-r0.d1.r0.-d3
334,-r3.-r2.f0.f3.-r2.-d0.-f2.d3.f0.d1.-r0.d1.r0.f2.-d1.-f2
335,r3.f0.r0.r3.-d2.-d2.r1.f1.-d0.-r1.d3.d3
336,-r0.-d0.f2.d1.-r2.-r2.f1.d2.r3.d3.f0.-r3.-d0.-f3.-f3.d3.d3.f3.r2.f3.r2.-f3.-r2.f3
337,-f1.r0.f0.-r3.f0.f3.r3.-d1.-f0.-r0.-r0.-d1.r0.d1.r0.-d1.-r0
338,-d3.-f3.-d0.d3.-r0.r1.f0.f1.-d0.f1.r2
339,f0.d0.f1.f3.-d3.r0.f0.d2.d3.-f0.f2.-d3.f0.d3
340,d3.d3.-d2.-r2.-r1.-f3.-f3.r0.-f2.-d1.-r0.d2.-r0.d2.r0.-d2.-r0
341,d0.r1.d2.-f1.-r2.f3.r3.-f2.-r3.f2
342,-f1.-r3.-d1.-f2.-r3.r2.f3.-d1.-r0.r2.d0.-d2.-r0.f1.d2.-f1
343,r2.r0.f0.r3.-f1.f2.-r1.-d3.-f1.-d3.r3.f1.-r3.-r3.f1.d3.-f1.-d3
344,d1.-r3.d3.f3.f2.d1.-r3.-f1.d1.r1.f2.-r1.-d3.-d3.-f2.-f2.d3.d3
345,-d3.-f1.f0.-d0.r1.-d1.-f0.-d1.-f0.-d3
346,d0.f3.-r1.d0.r3.f3.d3.-d2.-r0.f1.f1.r0
347,r0.-d3.r3.d0.-r0.f0.f0.r0.d2.-r0.d2.r2.-d2
348,-r0.-f1.r2.f2.f3.d0.-f0.r2.-r3.-r3.f0.f0.d3.r3.-d3.-r3.d3.r3.-d3.-r3
349,-f0.-f2.-d0.d2.-r1.-f2.-r0.-r0.-d3.-f2.d3
350,r3.d0.-f0.-d0.-r3.-d1.-f2.r2.-d1.r2.f0.d2.-d1.-f0.d1
351,r3.d3.-r2.-r0.d1.-f0.r0.-d1.f3.f3.-r0.-f2.-d0.r0.d0.d3.r2.-d3
352,f3.r0.-f0.r0.-f0.-r2.-r3.-d1.-d2.-f1.-d2.d0.-f2.r2.d0.f1.-d0.-d0
353,-d0.-d0.r3.f2.-f3.-d2.d3.r3.f2.d3.-f0.r3.-f1.-f0.-d1.f0
354,-d0.-f2.d1.r0.-f0.-f3.-f3.r2.-f2.d3.-f0.-f0.-d1.-d1
355,-d0.-r3.r1.-d3.-r1.f1.-f3.r2.-d2.r3.d1.r2.-d1.-r3.-d2.f3.d2.r3.r3.-d1.-r3.d1.r3.f0.-r3.-f0.r3.f0.-r3.-f0
356,-r3.-d0.r2.d3.-f0.d1.r3.f1.f0.-d1.f0.r3.-f0.-r3.f0.-r3
357,d0.r2.-f0.-r3.d1.d2.-r1.d3.r2.d3.-f0.-r0
358,f3.r3.-d0.f1.d3.-r1.f0.f2.-r2.f2.d1.d1.-r2
359,-r2.-f0.f2.d0.-f1.r1.-r3.f2.-r0.f2.-r3.-f3.r3.f3.r3
360,f1.d2.f2.d1.f1.r0.f0.f0.d0.-f1.-f3.-f3.d3.f3.f3
361,r3.-f3.d1.f2.d3.-r3.d0.f2.r3.f2.-r1.-f2.-f2
362,-r3.f1.-r2.f1.d3.f3.-d0.-r3.-d0.-f3.-f0.-d2.f0.d0.f3.-d0.-f3.d0.f3
363,r0.-f1.d0.f2.-r0.d0.-f0.-f0.-r1.-d0.-d1.f0.d1
364,-f1.-r2.-f0.-d1.d0.r1.-f2.-f0.-r3.-d2.r2.-d3.-d3.-f3.d2.-f3.-d3.-d3
365,-d2.-f2.-d3.-f0.-d1.-f1.-f1.-r1.f1.f2.r3.d1.-r3.-f2.-f2.r3.-d1.-r3
366,-d2.d3.f3.r1.-f1.-d0.-r2.-f2.d2.f2.r0.-d3.-r0
367,d0.d0.r3.-f2.d0.-f3.r1.-d0.-f1.-r2.-f1.-d2.-r0.-f1.r0
368,r0.-d0.-r1.f1.-f2.f0.d2.f0.-d3.-f3.f0.-r0.f0.f3.-d0.f0.d0.-f3
369,d2.-d0.-r2.r3.f1.d3.f3.r3.f3.d3.r1.-f3.r3.f3.r1.d3.-r1
370,-f3.f2.r1.-d2.-r2.-f0.r1.-r2.-d0.-f3.r2.r0.f3.-r0
371,-r3.d2.r0.f3.f2.-r3.f3.r2.r2.-d0.d1.r3.-d1.-r3.d1
372,-d3.f3.-r1.-d2.-r2.-d2.-r3.d2.-f2.-f2
373,-r3.-r2.-r0.-f3.-r0.f0.-r1.-d0.r2.r2.-d0.-r2
374,-f0.r0.f0.r0.-d3.d1.d1.r1.-f2.-d3.f2.d3.f2
375,f0.d3.f1.d3.-r0.f1.-f3.-d0.-r3.-d2.r3.r3.-d2
376,-d2.f2.r2.-f1.-r3.-f1.r0.r0.d0.-f1.-r0.-r1.f3.r1.f3.r3.f3.r3
377,r2.-r3.d3.-d0.-f0.d1.d1.-r0.f2.r0.f3.-d0.f3
378,-f1.r0.d0.f0.f3.d2.-f1.-f1.d3.-r2.-f3.f2.f2.-d3.-f2.d3.-f1.-d3.r2.-d3.f2.d3.d3.f1
379,-r0.-r0.-d1.-f1.d0.-r0.f0.f0.-d1.-d1.f1.f1.-r0.f2.r0
380,f1.f2.-f0.-r2.-r3.d1.-r3.f0.f0.d2.-r3.-f3.-d2.f3
381,-r3.d1.f3.r1.d3.f1.f1.r2.r3.-f2.-r3.-f1.d1.f1
382,r3.-d2.f1.-r0.f3.-d2.r0.-d0.-d0.-d1.f0.d1.-r3.d1.-r3.-d1.r3.-d1.r3
383,-r0.r2.r1.-d3.-f3.d0.-f2.-f0.d2.-r0.-f2
384,r3.f0.r3.d1.d1.d0.-f3.r0.-d0.f3.-r2.-f3.-r3.r2.f3.-r0.d3.-r2.-d3
385,f2.-r2.-f1.d3.-f0.-r0.-f1.d0.f3.d1.-f3.r3.r3.d2.-d1.-d1.r0.d1.d1
386,-r0.-d0.f2.-f3.-r0.d1.-d3.f1.f1.f2.-r0.-r0.-d0.-f2.d0.f2
387,-d3.f1.-r1.-d0.f0.r2.-d3.-r3.-r3.f1.r2.-f1.f3.r1.-f3.-r1.-d1.r1.d1.-r1.-d1
388,r3.f3.-d2.f1.r2.-f2.-r3.-d0.f3.-d3.-f1.d3.-d2.-f0.d2.f0
389,-r0.-f1.d0.f3.r1.f2.d2.r0.d3.-r3.d3.r3.-d3.-r3.d3.d3.f1.-d3.-f1
390,r0.-f3.f1.-d0.-f2.-r3.-f1.-r3.d1.f3.-d3.-f1.r3.f1.f3.-r3.-f3.-f3.-f1.d1.d1
391,-r2.-f2.-f0.-d3.-f0.d1.d1.r3.-d2.-r3.d2.r3.r3.-d1.-f3.d1.-f3
392,-d0.f3.-r3.-d0.r3.-f0.-d3.f2.r3.f2.r3.-f2
393,d0.r0.-r3.-f0.d2.-r2.f2.d2.r3.d2.r3.-f0.d2.f0.f0.-r3.-f0.r3.r3.f0.d3.-r0.-f0.-d3
394,r1.-f2.d2.d3.r1.d0.f0.f1.-d0.-r3.-r2.-r3.d0.-f1.f0.r3.-f0.r3.-d0.-r3.-f1.-d0.f1.d0
395,r2.-f2.-d1.r1.r1.r3.-f2.-r0.-f3.r3.f2.-r3.-r3.-f1.r3.r0.d3.f3.-d3.-r3.d3.-f3.-d3.-r0.d3
396,-f0.-r3.d0.f2.r3.d2.-f0.-d1.-f0.-r0.d0.f0.f0.-f2.-r2.f2
397,r0.f0.r2.f1.-f3.r2.r3.-d3.-r1.f3.r3.-d3.-r1.-d3.r1.-f3.d3.r3
398,f3.d2.-f1.d3.-r0.f0.d2.r3.-f1.-r3.f1.r3.f3.f3.-d2.-f3
399,f1.-r3.-d0.d3.f0.d2.f2.r1.-d3.d2.-f2.r3.-f2.f0.-d2.-r3.-d2
400,-r2.-d3.d0.-r2.f1.r3.d0.r0.-f2.r1.r1.-f0.r0
401,f1.r3.f0.f0.f1.d3.r3.d3.d1.-f2.-d1.f2.r3.f2.-r3.-d0.-r3.d0.r3.-f2
402,-d3.r0.-d1.r0.-d2.-r3.-r3.f1.-d3.-f1.-d0.r1.-d0.-r3.-r3.f1.r3.-f1.-r3.d1.r3.r3.-d1
403,-f1.r0.-f0.-f0.d0.d2.f2.-r1.d1.-r3.-f2.r3.r3.-f2.-r3.-f2
404,d0.r0.d1.d0.-f1.d2.r3.r3.-f2.-f0.-d3.f0.-r3.-f0
405,-f3.-d2.r1.-r0.-d2.-r3.-f0.d1.-r3.f0.d1.r0.d3.-r0.-d3
406,r1.f1.d1.f2.-f0.-f0.r0.d3.r3.r3.-f2.-d0.-r2.-f2.r2.-f2.-f2.d0.r2.-d0.-r2.d0
407,-r0.-f1.-r3.d2.f0.-d1.-f1.d3.-r1.-f0.r3.-d3.-r3.d3.f0.-d3.-f1.r2.f1.d3.f1.-d3.-f1
408,r2.r3.d0.-d2.-r0.-d1.-f0.-r0.-r0.f3.-r1.-r3.f2.r3
409,d3.-r2.f3.-d1.-r0.-f2.-f2.-r3.f2.d0.d0.-r1.-r1.-f3
410,-d2.-f0.d0.-r3.-f3.-f3.-r2.-r2.-r0.-r0.-d1.-f0.d2.f0.r0.r0.-d2.-f0.-f0.-r0.d1.-f2.r0.-d1.-r0.-d1.-r0.d1
411,-r3.f2.f0.r2.-r1.d0.f2.-r3.-d0.f3.d0.-d3.-f1.d3.f1.-d3
412,d2.-r0.-d3.-f3.-d3.d2.-r3.-r1.-r1.-d2.r1.d2.r2.f3.-d2
413,f1.d1.-d2.f2.f0.d1.-r3.f3.-d0.-r3.r0.d3.r2.-f3.r2.d3.-d3.f3.-r0.-d2.r0.d2.-f3
414,-f2.r3.-d3.-r0.r1.d0.d0.-f0.-d1.r0.d2.r0.d2.r2.f3.d2.-f3
415,-f3.-d0.-r2.-d2.-f3.r1.-d1.r3.-d2.-r3.f1.r3.-f2.-r3.-d2.f2.d2.r3.-f2.-r3.f2
416,f3.-d2.-r0.-d3.f2.r3.-d1.-r3.d1.d1.r3.f1.r3.-f0.-f0
417,r0.-r3.f3.d3.r1.d0.f0.-r0.-f0.d3.r1.f1.d3.-r1.f1.d3.r1.-d3.-f1
418,-r1.-d1.d2.f0.d2.f1.-d3.-r3.f0.r3.-d3.-d1.-r3.d1.-f2.-f2.r1.f2.f2.d0.-f2.-d0.f2
419,-f3.f0.r1.-f1.d0.-r1.f2.-r3.-r3.-f2.-r1.-d3.-f0.-r3.-f0.-r2.-r2.f1.f1
420,f2.-f3.-r2.r0.-f3.-d0.-f0.-f0.-r3.f0.f0.r0.d2.-f0.r0.d3
421,d0.r1.r1.r3.f2.d1.-f3.-r2.-f3.d2.-r3.d2.-f3
422,-f0.-r3.-d0.f3.-d3.-f0.r1.r2.-d1.f1.-d1.r2.f0.-r0.f1.r0
423,f2.-d0.-f3.r0.-r2.f3.-r1.f1.d3.-f0.-r3.f2.-r3.f3.r3.r3.-f3.-r3.d0.r3
424,-r0.d0.f3.d2.-f1.f3.r3.-f1.-r2.-f3.-r2.-d2.f2.f2.d2.d2.f1.-d2.-f1
425,f0.-r0.d2.r3.-d3.-r1.-r2.-d0.-f3.-f3.-d3.-f2.-r2.-d3.-r2.d3.-r2
426,d0.-r0.f1.f1.r1.d2.f3.f0.-d3.-f0.-d0.-f0.r0.-d0.f0.d0.d0
427,f1.-r3.f0.-r0.-d0.-r2.f3.-r3.-d3.-f3.r3.-f3.-f3.d1.f3
428,-f0.d1.r0.-f3.-f0.-d1.r0.d2.d2.f2.f2
429,-r0.f1.d3.r2.-f0.d2.-r1.d2.-f2.-r3.d1.-f0.-d1.-f0.d2.f0.r1.f0.d1.d1.-f0.d1.-r1.-r1.f0
430,-d3.-f0.f3.-d0.-d3.-f2.-d1.-f0.-r1.f0
431,-f0.-d0.-f2.-d0.-d2.-d2.-r0.f3.r0.r0.d3.f3.-d3.-r2.f3.f3
432,f1.d0.-f0.r3.-d3.d1.-f2.-d1.-d1.-r1
433,d3.f0.-f2.r1.-r2.-r2.d3.f0.r3.f2.f2.d2.-f1.-d2.-r3.-f1.r3.f1
434,d0.f3.-d0.r1.-r2.-f2.r3.d1.f0.-d1.f0.-d1.-f0.-r0.d1.r0.-d1
435,f1.-r0.d0.-r3.-d1.-r3.-f1.d3.d3.-r0.-r3.d0.-f0.-d0.-d0.f0.d0.f2.f2
436,r3.-d0.r1.f3.r0.-d3.r2.-f2.d2.-r1.-r2.-d2.d0.d0.r2.-d0.-d0.r1
437,-d1.-f1.-r3.f2.f2.-f1.-r0.-f0.d0.r0.-d0.-f1.-d2.f1.r0
438,-d3.-r3.r0.f3.-d0.f2.r2.r2.d0.-f0.d2.-r2.d2.r2
439,-d3.-f1.r3.-f3.-d2.f2.-r2.d0.r2.d0.r3.-d0.-r3.-d2.-f3.d2.d3.r0.-f3.-r0.f3.-d2.f3.d2.-f3
440,-f0.-f1.-d3.-f1.r3.-d1.-d2.-f0.-r0.-r0.d2.d2.r1
441,r1.f1.-f3.r2.f1.d0.r0.f0.-r0.-r2.-f2.r2.-f2
442,f3.-d3.-d0.-r0.-f2.r3.-d0.r3.-d2.r2
443,d2.-r3.d3.f2.d2.-f0.d0.-r0.-d0.r1.d2.-r1.f0.r1.f0.-r1.-f0.-f0
444,d0.-f3.-d3.r3.d3.-r2.-f0.r0.d1.f0.-r1.r0.-f0.-r0
445,-f1.-r0.-d3.r1.-d1.f1.-r3.-r0.f3.-r0.f1.-r0.d1.r0.r0.-f3
446,-f0.f2.d3.d3.r0.d1.r3.-f0.-r1.r0.f0.d0.-r0.-d2.-r0.d2.r2.r2
447,r0.f2.r1.r2.f3.-r0.d1.f0.f0.r2.r2.r0.-f3.r0.f3
448,r1.-d3.-f0.f1.f1.-r2.f3.r3.-f3.-r2.r3.d3.r2.d3
449,r0.d2.d0.-r2.f0.-d1.-r0.d3.d3.-r0.f0.r0.f0.-r0.-r0
450,-f0.d1.-r1.-r3.-f3.d3.f0.r2.-f1.-f1.-d3.-r2
451,-f1.d0.r2.-d3.-f3.-r3.-f2.r0.-f2.f0.d3.-f0.-f0.-d3.-f0.-f0
452,d2.-r2.-r1.-f3.-f3.-r1.d3.-r1.-r0.-d2.-r0.d2.-f3.-d2.f3
453,f1.d3.r3.-f1.f3.r0.-d0.-d0.-f3.-r0.-f1.r0.d2.f1.-r0
454,-d1.-r0.f3.r2.-r0.d0.-f3.-f1.r1.d0.-f1.-r3.f3.d1.r3.d1.-r3.-f3.r3
455,r3.r1.f3.r2.-d1.r2.d0.f1.f3.r3.-d0.-f3.d0.f1
456,-d3.-r1.-r1.-f1.r3.-d2.f0.r3.r2.f2.f1.r2.-f1
457,-d3.-f0.-d3.d1.-f2.-d2.d0.r1.f3.d1.-r3.-d1.-r3.-d1
458,d0.f1.r2.f3.r1.d0.f3.d0.d0.-f0.-f0.d3.f3.-d2.f3.d0.-f3.-d2.-f3
459,-r3.r1.-d3.-f3.r3.-f0.r1.-f0.r2.f0.r2.-f0.-r1.-f1.-d0.r1.d0.d0.-r1.-d0.-f1.r1.f1.-r1.-f1.r1
460,-d2.-f1.d1.f2.f3.-f0.r3.r0.r3.f3.d2.-r3.f3.f3.-r0.-r0.-d1
461,r3.f1.-d3.d0.f3.r0.-d1.-d1.d0.r2.r2.-d0.-f0.r0.f0
462,-r0.-d1.f0.f0.-d1.-r2.d0.-f1.-f3.-r3.-f0.r0.d0.-r0.-f3.r0.f3.-r0.f3.r0
463,-d2.f0.-d3.d0.f3.-r1.f0.d0.-r3.d0.-f1.-d0.f2.f1.-r3.-r3.-f1
464,-d1.-f1.d3.d2.-f3.-r3.-d0.r0.d2.-r0.-d0.-r3.-d0.f1.r0.f1.d0
465,-r2.-f0.-r1.-d0.r0.d0.-f3.-r0.f1.r0.-f1.-f1
466,-r2.f1.f1.-d2.-r0.-d3.r3.r3.f0.f0.d0.-d2.-d2.f2.d0
467,d1.f0.-f3.-r1.-f2.-r3.d1.d1.r0.-f0.-f0.-r3.f0.d2.f2.-d2.-f0.d0.r2.r2.-d0
468,-d3.-r3.f0.d0.-d1.d2.-f0.d2.r2.-f1.d2.f1.-d2.f1.f3.-r3.-f3.-d0.-d0
469,d2.-r0.d3.-d0.r2.r0.-f2.d0.f1.-r3.-f2.r0.-f2.-r0.-r3.-d2.r3.-r0.-f1.-r0
470,d1.-d0.-r1.f3.-r3.-f0.-d3.-f2.d0.f2.d0.-f3.r2.d0.d0.d1.f3.-d1.-f3.-r2.-r2
471,-f1.d2.f0.-d0.f2.d2.d2.-d3.f0.f0.r0.r0.-d2.d3.d3
472,-f3.f1.r0.f0.-d2.d1.-r0.d3.r2.-f3.-r2.-f3.r2.f3.f3.-r2
473,d2.-f1.-r3.-f0.f3.-r2.-d2.f3.-r0.d1.-f3.d1.-d2.-r0.f3.-r1.-f3.d1.d1.-d2.-d2.f3.-d1.-d1
474,-d1.-d0.r3.-d3.-r1.-f2.r0.f3.-r1.-d0.r2.d0.d0.-r0.-r0.-f0.r0.r0
475,-f1.r1.r1.f0.d2.r3.-d1.-r2.d1.r3.-d2.-f3.-r3.d3.f1.f1.-d1.-f1.-f1
476,-d0.-r3.-f0.-d0.-r1.f1.d3.-r2.-r1.-r1.d3.r1.d3.r0.-f3.-r0
477,d0.d2.-r1.d3.r0.d0.f0.d3.r0.r3.-f1.-r3.f1
478,-d3.f2.-r0.-f3.-d3.-r2.f3.f0.f0.r0.r0.f1.f1.-d1.-d1.-r0.d1.-r0.-f2.-f2.r0.r0
479,d2.f0.r2.f1.d1.d0.-r3.-r3.f3.d0.-r3.-f0.-d0.f0.r3.f1.f1.r1.-f0.-r1
480,-r3.d3.-r3.f3.d1.r3.d1.-d0.-d0.r2.r2.-d2.-d2.f2.r2.f2.-r2
481,-r3.f2.d1.f0.f1.-d0.f3.d1.-f3.r0.f2.d1.f3.-r0.d0.f2.-d0.r0.-d0.-r0
482,-d1.-r2.r0.f2.-r1.-f3.-d2.r3.d2.-f1.f3.f3.-r0.-r0.d0.d0.f1.r0.-f1.-r0
483,-r2.f0.-d0.-r0.d3.r3.-d0.-f2.f3.-d0.-f3.d0.-f3.d1.f3.f3
484,-f2.r0.d1.-r2.d0.f2.d0.f2.f1.r3.r3.f2.-f3.-r3.-f3.r3.f3
485,-f0.-d3.r3.r0.f1.-d1.-d2.-r0.-r1.f3.r1.d0
486,-r1.f0.-f2.-r3.-r1.-f1.r2.-f3.d0.r2.r1.f1.-r1.-d0.-f1.d0.f3.f3.-d0.-f3
487,-f0.r3.-d2.-r0.f1.r2.-f3.r2.d3.f0.f0.-d3.-d3.r1.f3.-f1.-r1.f1
488,-d3.-r1.-r3.-f0.-r0.-d0.-f1.-f1.-d0.f1.-r0.-f2.-r0.-f2.r0
489,d3.-f3.-r3.f1.-r1.-d1.-f0.-r1.-f2.r2.r2.f0.-r2.-f0.-d1.f0.-r2
490,f3.r1.-d1.f1.-f0.-d3.r1.f2.-d0.d1.r3.-d0.-f3.-r2.-d0.r2.-f3.-r2.-d0
491,-r2.f3.r1.r1.f3.r3.-f1.-d0.-f3.d0.f3.r3.r3.f1.f1
492,r0.r1.-d2.-f1.f0.-d3.-r1.-r3.-f0.r1.-r3.-d0.-f1.-f1.-f3.-d0.f1
493,-r3.f3.-d3.r2.-f2.-d0.-d0.-r1.-r0.f0.d3.f3.-r3.f0.-d3.r3.f3.d3.d3.-f3.-r1.-f3.r1
494,r2.f3.d2.f2.-d3.r1.f3.r0.r0.-r2.-r2.d3.-f0.d3.-r0.-f0.-d3.f0.r0.-d3.-d3
495,r2.-d2.r0.f2.-r1.-f1.f3.-d2.r2.-d0.-f1.-r2.-f1.f3.r3.-f3.-f3.r2.f1.f3.-r2.f3
496,f3.-r3.-r3.-d3.-r1.-f1.-r2.r0.-d3.f0.d3.-f1.-d3.-d3.f1
497,-d3.-d1.f1.d2.r3.d1.d0.f2.d0.r2.-d0.-f2
498,-f0.r0.-r3.-f2.-f0.-d3.-f1.-r3.-r1.f1.d2.-r1.-d2
499,-r2.-d1.r0.d0.-f3.-d1.f2.-r3.-f0.-d0.-r2.f0.f3
500,f2.r0.d2.-d0.f0.r3.-r2.-r0.-d3.-d3.f1.-r0.-f0.-d1.-f0.-f0.-r0.f0.-r0.-f0.-f0.-r2
501,r2.-r1.f1.-r1.-f3.-d0.d2.-f3.-d2.f0.d2
502,d2.-r2.-f3.-r3.-r1.d3.-f2.r0.-f0.-d3.f0.d2.-f1.-f0.-r1.f0.d2.-f0.-f0.r1.f0.f0.d3.d3
503,-d0.r2.-f2.-d2.-d2.f3.-r1.-f0.-d0.-d0.-r0.f3.d0.-r0.-d0.r0
504,-r2.-f1.d3.-r3.d0.d0.f0.-d0.f0.r3.f2.-r3.-f2.d1.f2.d1.-f2
505,f2.-d2.f0.d1.f1.-d0.-r2.f0.d2.d2.f0.-r1.-r1
506,-r0.f2.-d3.-d2.-r0.f3.f2.f2.-r0.f0.-r1.-f0.-d2.-d2.f0.d2.r0.-d2.r0
507,f2.d1.d0.r2.-f0.r0.d3.d3.r2.f3.r0.-r1.-f3.r1
508,r0.-r2.-f0.-f0.d1.d0.-r2.-r2.f1.-d0.-f1.d0.-f1
509,f3.r1.-f1.f2.-d0.d3.-r0.-f0.d3.r3.-d1.-f1.-r3.-d0.-r2.d0
510,d2.-r1.f1.-r1.d0.-r0.r3.d0.f0.-d1.f2.-r3.-f0.-r3.d0.-r3.f0
511,-r2.-r1.-r2.d0.-f0.d1.-f1.f2.d3.r2.-d3
512,-f2.d1.r3.-d3.r0.f3.r0.-d3.d1.-r0.-d1.f2.-r0.f2.r0.f2.-r0
513,-r3.-d3.d0.-f1.f2.r0.d2.-f3.-r1.-d1.f1.d1.d1.r1.-f1.-r1
514,-f1.f0.d1.r2.-d2.-r1.f0.d3.-d0.-d0.-f3.r2.-d2.-r2
515,d3.r3.-f3.-d2.-f3.r0.-f1.d1.-f1.d1.-d3.r1.d3.f2.-d3.-d3.-f1
516,d2.-r1.-d3.r3.-d3.-r1.-r1.d0.-f2.-f3.d2.f3.d0.-r2.d0.d0.r1
517,r0.-f2.f3.-r2.-f1.d2.r0.-f3.r0.d0.f3.-d1.d0
518,r2.r2.-d3.-r3.d1.-r2.f0.-r3.-f0.-d0.-d0.-r1.-r1.f0.f3.-d1.-f3
519,-d3.-d1.-r2.-d2.f0.-d0.-r1.r0.-d2.-r2.-r0.-r0.f3
520,f3.r0.f3.-d3.f0.d1.f0.r2.d0.d0.-f3.r2.f3.-r1.-d0.-f2.d0
521,r0.f2.-r1.-f0.r2.r3.-d0.d2.-f1.-f1.-r2.f3.f3.d2.-f3.r2.-f3.-r2.-r2.f3.f3
522,-d3.f1.r3.-f0.-d0.-r3.f1.-d1.-d1.-d2.r2.-f0.-d2.f0.f0.d2.d2.-f0
523,f0.-r1.f3.r0.-r2.-f2.-f1.-f1.-d0.-r3.f0.r2.r3.f0.-r2.f0.d0.d0.r2.-d0.-r0.-r2
524,d0.f2.-r1.-r2.d3.-d1.-r3.d1
525,-f1.r3.r2.-d3.r1.r0.-f0.f2.f2.r3.-f0.r3.-f1.-r3.f1.-r3.-r3
526,d0.r3.d3.-f2.r1.-f1.-r3.f3.-r1.-r1.-f3.-f3.-r3
527,d1.f3.d1.-f2.r3.d2.f3.-d3.-r0.-f1.f3.r0.d0.r0.-f2.-d0.-d0.f0.f0
528,f2.-r3.-d3.r1.d1.-d3.f0.-d0.f3.f3.-d0.-f3.d0.-r3.f2.r3.r3.d0
529,-f0.d0.f1.-d2.-f0.d0.-d1.-r0.f2.-r1.-r1
530,-r3.f1.-d3.r3.d1.d0.r2.d0.-r0.f2.d0.f2.r0.d3.-r0.-d3.r0.d3.-r0
531,f0.-d1.-r1.-f2.f3.r3.-f3.d3.f3.d0.r0.-d2.-f0.-d2.r0.d2.r0.-d2.-r0
532,-d2.-d1.f0.-d0.-r2.-f3.-d0.f0.r0.-d3.d0.r0.-d3
533,-r2.d0.-f0.-r3.d2.r0.d0.f2.d0.-d1.-d1.-f2.-r0.f2.r0.-f2.-r0.f2.-r1.-d0.-r1.d0.-f2.r1.f2
534,r0.r0.-d0.f2.-f1.r1.-f0.-r2.-d1.-r1.r2.r2.-d1.d0.f0.d0
535,-d2.r2.r3.f3.f3.-d0.-f3.r3.r3.d0.f2.d0.d1.-f2.-d1.f2
536,f2.d1.-r0.r3.r3.-f0.-d1.r1.d3.-f1.r3.f1.d1.d1.-r3.-d1.-d1.r3.f3.d2.-r3
537,r0.-f3.r3.-f2.-r2.-d3.-f0.-d3.-f0.-d2.-f1.-r1.-f1.-r3.f1.r3.f0.r1.-f0.d2
538,-r3.f1.r0.d1.-d2.-d2.-f2
539,r0.-f2.f3.-d0.r3.-f0.r0.f3.-r0.-d2.f3.-r0.-r1.f0.f1.r1.r1.-f1.-r1
540,f0.f2.f3.-d0.r0.d1.f3.r0.-r1.-d1.f1.-r1.-f1.r1
541,-r3.d2.-r0.r1.r1.f3.-d3.-r3.r0.-d0.d3.f3.-f2.-d3.f2.-r1
542,-f0.r1.d3.-f3.-d2.d1.r3.-d0.-f0.r1.f0.-d0.-r1.-d0.r1.-d0.-d0
543,f0.d3.-r3.-r0.d1.r2.-d3.f2.-r0.f2.r0
544,-d0.r1.r3.-f1.-r0.-d3.r2.r2.r3.d2.-f3.-d2.-r0
545,r2.f3.r3.f3.-f0.-d3.f0.f2.f2.-r0.-f2.-r0.f2.r0.d0.-f1.r2.-d0.-r2.d0
546,d2.-f1.-d0.f0.-r0.-f3.-r0.-f2.-f2.-r0.d1.d1
547,-f3.r2.-r3.-r0.-f1.-d3.-r1.f0.-r0.-d0.r0.-f0.-f0
548,-f3.r1.d3.r3.-f1.r1.-f3.-d2.-d3.-f0.-f3.-d3.-d3.f3.f3.d3
549,r0.f1.d0.d3.-r3.d2.-r3.d3.d3.-r2.f2.-d3.f2.d3
550,d0.-r2.f2.f3.r0.-f0.f1.f1.-d0.-f0.-r2.-d0.r2.r2
551,-f3.-d1.r2.-f2.-r1.-f2.-d0.-f0.r1.-d0.-f3.r3.-d0.-d0.r3.-d0.-f3.-d0.f3.d0.-f2.d0.f2
552,f1.r0.f1.r2.f1.-f2.d1.f2.-d1.-r2
553,f3.-d0.-r0.-f3.d2.r3.-f1.-f3.-r1.-f2.-f2.f3
554,-d0.f0.f1.r3.r1.f0.d2.d3.d3.-r2.-d3.-f1.-f1.-d3.f3.d3.-f3.d3
555,-f3.-d3.-f3.-d1.r3.-d1.f0.-d3.-d3.-r2.-f2.r2.f1.f1
556,d0.-r0.-r1.f0.r1.d0.d3.f3.-d3.-f3.d3.-r2.-f2.-r2.f3
557,r0.d0.-d3.-f3.-d3.-f2.-d1.-r2.f1.-d0.d1.r2.-d1.-d1.-r2.d1
558,-r1.d3.-f0.d1.-d0.-f2.-d0.d2.r0.d1.d3.d3
559,-r3.f1.r0.-r1.-d2.-f0.d0.-r3.d1.f1.d1.-r2.d3.-r2.-d3.r2
560,r1.d0.f1.d0.-r2.-d2.f3.-r2.-f0.-d1.-f0.d1.r0.-f0.-r2.-d2.r2.-d2
561,f0.-r2.d3.-r0.-f3.-r3.f1.-r2.-r2.-f3.-r1.f3.r1
562,-d3.f0.-r0.d0.r0.r0.f0.r1.-d2.-f0.d2.d2
563,-d2.f3.-f1.-d3.r3.-r0.f2.d0.-f0.d1.r3.d1
564,f0.f0.-d0.r0.-f0.r3.-f2.-d2.d3.-r3.-d3.r3.f3.f3
565,-d1.r0.d0.-f1.d0.f3.d3.-r1.-f3.-r0.-d2.r0.-r2.d0.r2.f3.f3.-d1.-d1.-f3.d1.f3.f2.-r2.-f2
566,r3.f2.-r0.-f3.d1.d0.-r1.d0.r3.-d0.f3.d2.d2.-r3.d1.-r3.f3.-d1.-f3
567,-r2.-f2.r3.d0.r3.-f2.f3.d0.-r3.d2.f3.-d3.-d2.-f3.d2
568,f1.d1.-d3.f1.-r3.d2.-d3.f0.r3.d3.-f2.-d2.r3.d3
569,f3.d3.f3.-d0.f1.-f0.-r3.f1.-d2.-f3.r2.-d2.r2.-f3.r2.f3.f3
570,-f2.-d3.-r0.-r0.-f1.f0.r1.d1.d1.r0.d3.-r0.d3.d3.-f2.-d3.f2.d3.d3
571,f0.-r3.-d3.-r0.-d3.-f3.d2.d2.-f2.d3.-r3.f2.f2.f1.r3.-f1.-d3.f1.d3
572,r2.-d3.r0.f1.-d0.-d0.-r0.f0.d2.r0.-f0.-r0.-d1.-r0.d1
573,f0.d3.f0.d2.-d0.-d0.f2.r1.f1.-r1.-f3.r2.r2.d0.-r2.f1.r2
574,d1.-r2.-f1.r0.r0.f0.-r1.-f3.-r0.d2.-f3.d3.r0.f3.d0.-r0
575,-r3.d0.r0.-r1.-d3.r2.f2.d0.-f1.-r0.d2.d2.-f0.r0.-d3.-d3.f0.f0.-d0.-f2.d0.-f0.-f0.d3.f0.f0
576,-f3.-d3.r1.f3.-d2.-f0.r0.-f0.r3.f2.-d3.-r3.-d2.r3.r3.f1.-r0.-f1.r0.f1
577,-d0.f3.r2.d1.-f1.r0.f3.d1.-r0.-d2.-f3.-r1.f0.d0.r1
578,-f1.-f3.-d0.-f1.-f3.-f2.-r1.-d2.-d2.-d0.r1.-f0.r1.f0.f0.-r0.-f0.-f0.-r1.-d2.r1.d2
579,d1.-r0.d0.-f0.d0.-f0.-r0.r2.-f2.-r2
580,-r0.d1.r3.f3.d0.-f1.-f1.r3.d0.d0.-f1.-d1.f1.-r1.-d1.-r1
581,-f2.d1.-f3.-r2.r0.f1.f0.r0.f1.f1.-r3.-f1.-f1.-r3.-d1.-d1.-r3
582,f0.r3.f0.r3.-f2.-r2.-f1.r1.-r3.f1.r3.-f1.f3.-r2.-f3
583,r2.-r3.-d1.-r0.-f3.f1.-r3.d0.-f1.-f1.r2.d0.-r2.-d0.-f3.d0.f3.-r3.-d2.r3.-d0.-f3.d0
584,-f1.d1.-f3.f2.-d2.-r2.-d2.f1.f1.d3.d3.-r0.-f1.-d3.-f2.f1.-d3.r2.d3.f1.-d3.-d2.r2.d2.-r2
585,d0.-d2.f0.d0.-r1.-r0.f2.f1.-r0.-f1.-r2.-r2.f1.-r0
586,-d1.r3.-f0.d3.f2.d3.r0.d2.r0.f0.f0.r0.d3.d3.-r0.d1.r1.-d1.-r1
587,-r1.-d2.-d0.-f1.f0.-r3.-r0.-r0.d2.-f1.-d2
588,-f3.-d2.-r0.-d0.r2.f2.f0.r3.f0.r3.r3.f1.d1.d1.-f1.-f0.r1.f0
589,r2.d1.f0.-r2.d3.f2.-d0.r3.f0.-d0.-r3.f0.r3
590,f2.-d3.f0.f3.r1.r0.-d1.-r3.-r2.-d3.r2.-r3.f0.r3.-d3.-d3.-d2.f1.d2
591,r1.f2.-d3.f0.-d0.-f3.d3.r0.d2.r0.-f0.r2.f0.-d3.-r2.-r2.f2.r2.d3.-r2
592,d2.f0.r2.-r0.d3.f3.d3.f2.d3.d3.-f2.-r3.f2.-r3.-f2.r3.-f2
593,-r0.-d0.f3.d3.-r2.r1.d3.-f1.-d2.-d1.r1.r1.-f0.-f0.d1.f0
594,d0.-r2.-d3.-f1.-d2.-r3.-d3.r0.f3.d1.-f1.r0.-f1.-f2.r0.-d1.-f3.r0.r1.f3.r1.r1.f1.-r1.-f1.r0.r0.r1
595,r2.r3.d0.f3.f2.-r0.r1.r1.r3.f2.-f3.d0.f3
596,d1.-d0.f0.d2.d3.-r0.r3.-f0.-d2.-d2.-r3.d0
597,-r0.-d3.f3.r0.f0.-f2.-r1.-r1.-d3.r1.-r3.-r3.-f1.r3.-r2.f1.r2
598,r2.-d1.-r1.-r3.f3.-d2.-r3.f2.-f3.-f3.-d1.r0.d1.d1
599,f1.r2.d2.-f3.r0.f2.r0.d3.d3.-r3.-d1.r3
600,-f3.r3.f2.-r2.f0.d2.f1.f2.-r0.f1.r1.-d3.-r1.-f0.d3.f0.-r1.f0.r1.-f0
601,-r0.-d0.-r1.-d1.-f1.r0.-d1.-d0.-r0.-f2.-f3.-r0.f3
602,-d0.-f2.-r1.-d1.r0.-f0.-r3.-f2.-r3.-d3.f2.f3.d3.-f3.-r3
603,r0.d0.-r2.d0.f2.d3.-f0.d0.-r0.-f2.-d1.-r0.f2.r0.-f2.-f2.r0.f2
604,d3.-d2.-f0.-r3.d0.f1.r0.d0.-d2.-r0.-d2.f3.d3.-f3.-r3.f3.f3.r3.-f3
605,-f3.r0.d1.f1.-r2.r0.-d1.-f3.-r0.-f3.r0.-r1.d1.r1.f3.r1
606,-f3.-r1.-f2.-d3.-f0.r3.d1.d1.f1.r0.-d2.-r0.-f0.r0.f0
607,f0.f3.d2.r1.-f1.r2.f0.-d0.r2.r0.f0.-r0.-f1.-f1.r1.f1.f1.-r0.-d1.r0.d1.-r0.-d1.-d1.r0.d1.-r0
608,r2.-d3.r0.r1.r3.-f1.d3.-d2.r3.d3.-r3
609,f3.f3.-f2.-f2.f1.f0.r0.-r3.d2.-r3.-r3
610,r3.r0.f3.r0.f2.f2.-r2.f1.-d3.-f1.d3.f1
611,d3.f3.r2.f0.-d0.d1.-r1.f3.r2.-f3.f1.f1.d1
612,f2.d3.-f3.-d1.-r1.r3.r3.-f0.d0.-r0.-d3.-r0.d3.r0.-f3.-r0
613,-f3.d1.-f1.-d0.f2.r3.-f3.d3.f3.r0.r2.r2
614,r3.f2.f3.-d3.f0.r0.-d0.r2.f3.f3.-r0.f1.d2.f1.d1.d1
615,d1.f0.d2.r0.d3.-d0.-r3.-d2.f1.-r3.d2.f1.-d2.-f1.d2.-f1
616,f0.f1.r0.-r1.d1.r3.-d3.f2.-r3.-d3.f3.f3.-f2.-f2.-d0
617,f3.-f2.d3.-r3.r1.r2.-f0.d3.-f0.-r2.-d0.d1.r2.-d1.-r2
618,d1.-f2.d2.-f1.-r3.f3.d0.-d3.r1.r1.-d3.f2.d3.d3.-f1.-d3
619,d2.-f1.-d3.-d0.r3.-d0.-f0.-d1.r3.d1.r3.-r0.f0.r0
620,-r0.-f3.r3.d1.-f2.r2.-f3.r2.-d2.r2.-d3.r0.d3.-r0.-r0.f0
621,d2.d2.f0.-f1.r2.-f2.r3.r3.-d0.r2.r2.f1.f1.-d2.-d2
622,d3.d3.-r0.f3.d2.-f1.-r3.r2.-d0.-r2.d0
623,-d3.-r1.-d1.-f1.-r2.d0.-r0.-f3.-r2.r0.-d3.r0.f3.r0.f3
624,f0.-r3.-r3.f1.-r1.-f3.d1.d1
625,r1.-r2.d1.d3.f3.d3.d3.-f0.-f0.d2.d2
626,-d1.r2.-f0.-d3.-r1.f3.-d3.f0.f2.-r0.f2.-r0.d2.r0.r0.-d3.-f0.d3.d2.-r2.-d2.f2.d2
627,d3.-r0.d0.-r0.f0.d2.-f1.d2.-r1.-f2.r1.f0.-r1
628,-r2.r0.d1.d2.-d3.-r3.-f1.-r0.-f1.d3.f1.f1.d0.-r3
629,d2.-f1.r3.-f1.-r1.-r2.d3.f0.-r2.d3.-f2.r0.-f2.r2.-d3.-r2
630,d3.f0.-r3.-f1.d0.-d2.f2.-d2.d3.r0.f1.-d3.-d3.-r0.-f2.-r0.f2.-d3
631,d2.r1.d1.f2.d0.-r0.d1.-r0.-d1.-f0.r3.f1.-d1.-f1.-r3.-d1.r3.d1.d1
632,d2.d3.-f2.d2.r2.d3.f0.-d0.-r2.-r2.d0.r3.d0.-f0.-r3.f1.r3.-d0.f1.d0
633,-f3.d1.r2.f0.r3.-d1.r1.-f1.r1.f1.f1.d3.-r0.f0.-d3.r0.-f1.r1.f1.d3.-r1.-d3.-r0.d3.r0.-d3
634,f3.-d2.f3.r1.f2.r1.d0.f0.-d0.f0.d2.r3.-d2
635,-r2.-f0.r0.-d1.-d1.r3.d0.f2.d0.-f0.-r1.-f0.r3.f0.-r3.-d0.r3.f2.-r3.-r3
636,-r0.d2.-f0.-f2.-r2.-d1.-d3.r3.f1.-r1.-d3.r1.r1
637,-f0.-d2.r1.d3.-r2.f2.-r0.-d0.d3.-f3.-d1.-f2.d0.f2
638,-r3.d3.-r3.d1.f3.-d2.-d2.-r3.-f1.d3.r1.-f0.-f0.d3.d3.r1.-d3.-r1
639,-d2.-r0.r3.-d3.f3.-r0.-d0.-f2.-d2.-r0.f2.f2.d2.d2.-r1.-r1.-f3.-d2.-d2.f3
640,r3.-d2.f2.f3.-r1.-r0.d1.d0.d0.r3.r2.f2.d3.r2.-d3.-f2.r3.f2.d2.f2.-d2.-f2.d2.f2.d2.-f2.-d2
641,d0.r0.f3.-r2.f2.d1.f2.-r1.-d2.-r1.f0.-r1.-r1.-f0.-f0.r1.f0
642,f3.d3.r0.-r2.d2.f2.r3.d1.r3.f1.-r3.-f1.-f1.-f0.r3.f0
643,-r3.-f3.-d1.f3.r1.-d0.f1.r1.f0.-r0.f0.d0.-f0.r0.f0.d0.d0
644,-r0.r3.f3.-r2.d3.d2.-r0.-f0.r3.d1.d2.f0
645,f2.-d1.-f3.-r1.-r0.-r0.d3.-f0.-d3.-r2.d2.r2.d3.d3.-f3.d2.f3
646,d1.-f1.r0.-r3.f0.-d0.-d0.-d3.-d3.-r1.-f0.r1.d3.-f2.-f2.-d3.-r1.d3
647,-d0.-d0.-f3.-r0.r1.-f1.r2.f0.r2.-f0.d1.f0.d1.d3.r0.-d3
648,r3.f2.-d0.f2.-r2.-r0.-d2.-r0.-d1.f3.-r0.f3.r0.-f3.-r0
649,r2.d1.r2.-f1.d1.-r0.d2.-r0.d2.-f3.r0.r0.d3.f3.-r3.-d2.r3.-d3.f3.d3.-r3.-d3.f2.d2.-f2
650,d3.d2.-r1.-d1.r0.d0.r0.f0.f2.-d2.-f2.r1.d2.-r1
651,d1.f3.r0.-f2.-d3.r2.r0.d2.r0.-f1.d3.d3.-r0.f1.-d2.r0.r0.f3.-r0.-d2.-r0.d2.d2.r0.-f3.-r0
652,d2.-f2.r3.-d3.-f0.-d1.-d1.-r0.f3.-r2.f3.-r2.f3.f3
653,d2.d2.-d3.-f0.-d0.-r1.r2.r0.-f3.r3.f2.-r3.-f2.d1.-f2.d1
654,d2.-f0.r2.-r1.-d1.f1.d0.r3.-d3.-f1.-f0.-d3.-r2.-f0.r2.r2.-d0.-f1.d0.f1.f0.d0.-f0.-d0
655,-d0.r3.-d2.f3.f2.r0.f0.-r2.-r2.f1.d1.r0.-f1.-d1.-d1.-r0.d1.r0.-d1
656,f2.-d1.f0.-r1.-d2.f3.d0.d0.f2.-r3.f2.-d2.r3.-d2.-r3.d2.f3.f3
657,-d1.-r2.-f3.-r2.-d3.f0.r1.-d0.f3.d0.-r0.-f3.r0.-d3.f1.d3.r1.-f3.-f1.-r1.f1.f3.d1.-f3.-d1
658,f3.d1.d1.d2.d2.-f1.r3.f0.r0.r0.-f3.r0.f3.-r0.-r0
659,-d3.-f0.-r2.-f2.f3.-r3.f1.-d1.-r2.f2.f2.r3.-d0.-r3.-d0.-d0.-f2.-f2
660,r2.r0.-f1.-d0.-d0.r1.d3.-r2.d3.d3.-r0.-r1.-f0.r1.f0.-f3.r0.d2.-r0.f3
661,d0.f0.f1.-d3.f3.-f1.-d2.r1.-r3.d1.d3.-r3.-d3.r3
662,-r2.-f1.-r3.-d0.r0.-f0.d2.d2.-r0.-d1.r0.d1.r0.-d1.-r0.-f2.-f2
663,-f2.f3.r1.d0.-r2.-d2.-f3.-f3.f1.-r1.f0.r1.r1.d3.-f0.-r1
664,-d1.r1.-f2.-r3.-f3.r2.-f3.d0.r1.-f1.-f2.-f2.r1
665,d1.f1.d1.f2.-d0.-r2.d3.-f0.r3.f0.-r3.-f0.r2.r2.r3.d2.d2
666,r0.-d2.r0.-r3.-d3.r1.-f3.d2.-f2.-f2.r2.-f3.-f3
667,-r2.-d0.f0.-d3.-f3.r1.r1.f0.-f1.d2.d2.f1
668,f2.-r0.f1.-d3.r1.-f0.-f0.-d1.r3.-d2.r3.r0.f2.r0
669,r3.d0.-f0.-d3.r1.-d0.-r2.r0.r0.f1.-f3.-r1.f3.f0.r0.-f0.r0.f0.-r0.-f0
670,-d3.r1.-f0.-d1.-d3.f2.r3.d0.f2.f2.-r1.r3.-d2.r1.f0.r1
671,-d1.f3.r0.f2.-r1.-d3.f1.r3.-f3.-r1.-f2.-r1.-r1.-r3.f2.-d3.r1.d3.r3
672,r1.d1.-d3.f3.r1.d1.-r3.-r3.f2.-d0.-f2.-f3.-d2.r0.-d0.-r0.-f3
673,-f0.-r1.-d2.d0.d1.f2.-r2.-d1.-r3.d0.r3.-f3.d0.f3.-d0
674,d1.r1.f0.-d0.r2.r0.f2.r0.-d3.f3.-d3.-r1.r0.r0.-d3.r1.r1
675,d1.r3.f0.d1.-d0.f0.-d0.-r1.-r3.d3.r2.-f2.-d3.r3.f2.-r3.-f2.r3
676,r0.r1.d1.f2.d0.r3.f2.d2.d3.d3.r0.f2.-r0.-r0.-d3.-d3.r0.d3
677,-r1.-d0.r0.-r3.r1.d3.r1.d3.f2.d0.r1.-r3.d0.-r1.-r1.d0.d0
678,f0.r2.-d3.-r3.-d0.f0.-r3.-d2.-f0.-r3.-d2.-f1.r3.r3.f1.r3.d1.d1.-r3.-r3.-d1.-d1.r3
679,-d3.-r2.-d1.-r3.-r3.f1.-d0.f1.-r1
680,d0.-r3.-d1.-f0.d2.f2.d2.r0.r0.-r3.-d1.-f0.r3.f1.-r2.f1.-f0.-d1.f0
681,r3.d1.r1.-d0.f2.d3.r0.-d0.-r0.-f3.-f1.r2.f1.-r0.-r0.-d1.r2.d1.-r2.-d1
682,f0.r0.-f3.-r2.f3.r3.-d3.-r3.-f3.-r1.-d0.f3.-d0.-f3.-d0.f3.-d0.-d0
683,-r2.-d3.r3.r3.f2.-f1.-r1.r0.-d3.-f1.-r0.-f0.-r0.d0.d2.r0.-d2
684,-d2.f2.-r0.-f3.-r1.-f1.r3.f0.f0.-d3.f3.r0.-f3
685,-r1.f1.-r1.-r3.d2.-r2.r3.f2.-f3.d2.f0.d0.r1.r1.-d0.f0
686,r3.-f2.f3.d2.-f1.r0.d0.r0.f0.d0.-r0.d0.f3.-d0.-d0
687,-f0.-d3.-r0.-d3.f2.f2.-f1.-r2.-d2.r2.-d0.-d0.-f1.-d0.r0.d0
688,-f2.-r2.-f1.-r1.d2.d2.d0.r3.d0.r3.-f3.-r1.f3.d3.-r3.-d3
689,-f3.d0.-r1.-d3.-r0.-r0.r3.-f1.f3.r3.f3.d0.d0.f3.f3
690,-f3.-r1.r3.r3.-d0.-f1.-r3.d1.f3.f3.-d3.-r0.f0.-r1.-f0
691,-f1.f0.-r0.-d0.-f2.-d2.-f2.-d0.r1
692,-d2.-d0.r0.-d0.f3.d1.r3.r0.f2.-r0.-r0.f2.r0.f0.d2.-f0
693,-r3.-d2.f1.r2.d3.r0.-r3.d3.-r3.f2.d3.-f2.-f2.-r3.-r3.f2.r3.-f2.-r3.-d3.r3
694,-r1.-r0.-d0.f1.-r3.f0.-d0.d3.f0.f1.-d2.r0.-f1.d0.-r0.-d0
695,-r3.d0.r1.f3.-d2.-r1.-f1.d3.-r2.-r2.-d3
696,r2.-f0.-r0.-d0.f2.-d0.-d1.-f3.-r3.d2.d3.f2.f2.d3
697,-f2.-r1.d3.-r3.d0.-f3.r0.f1.-f2.d3.-r1.-d3.-d0.r1.d0
698,d2.f2.f1.-r2.-f0.-d0.-f0.-r2.-d0.r2.f1.r0.f1.-r0.r2
699,f3.r1.d2.-f2.r1.d0.r2.r1.f0.-r1.f0.d3.f0.d3.-f0.-d3
700,f2.r0.d0.r3.-f2.d1.d3.d3.-r1.-r0.-d3.-r1.-d3.-d3.r1
701,r1.d3.-r2.-f0.r0.-d1.d2.d2.-r3.f1.f3.d0.r1.d0.-r1
702,d0.d1.f3.d1.r0.-f0.f3.-r3.-r1.-f3.r1
703,f0.f2.-d2.r0.r2.-d1.r2.d0.-f3.-d0.f0.-d0.-f0.-d2.-r2.d2.r2
704,d1.-r0.d3.-r0.f3.-r3.-f0.-f0.-r0.f2.-r0.d2.-r0.r2.-f1.-r2.f1.r0.-f2.-r0
705,-r0.r1.-d2.r1.-f0.r3.-f3.-r3.r0.d1.-r0
706,-d2.r2.f0.-d2.f2.r3.d3.f3.-d1.r3.-d1.-f3.r3.f3.-r3
707,-f3.-r2.-r3.-r1.-f2.d0.f1.r1.-d1.-f3.d1.f3.d2.-f3.-d2.f3.f3
708,f3.-r1.d3.-f1.d2.-f2.-r0.f3.-r0.d1.-r0.d1.d0.f3.r0.-d0
709,r0.-d2.-r3.r1.r1.-f1.-f1.-d0.-r2.r0.r0.d0.f0.-d0.-f0.r0.r0
710,-r1.d0.r3.-d3.-f3.d0.-f1.-f1.-f3.-d1.f3.-d1.f3.d1.-f3.-d1
711,-f1.d1.-d3.f0.d2.-f1.-f3.-r2.-f3.d2.f3.-d2.f3.f3.r3.-f2.-r3.-r3.r1.f3.-d1.-f3.-r1.f3.r1.d1.r3.r3.-f2.-r3.d2.r3.-f0.-d2.f0.d2
712,d0.-r1.-f0.r0.d1.f1.r2.-f3.-d1.-r0.f3.f3.-d1.r0.d1.d1.-r0.f2.r0.-f0
713,d0.r0.-f2.r1.-d3.-d1.f0.-f2.d2.d2.-d3.f2.f0
714,-d0.r1.f3.-d0.r3.-d2.-f2.-r0.d1.r0
715,-d3.-f1.-r3.-f1.d2.-f3.r0.d2.d1.f2.d2.f2.d1.f2.-r0.-d1.r0.d1
716,d3.-f0.-r0.-d1.-f3.-d1.f1.d0.r3.-f2.-f2.d2.f2
717,r0.f3.-d0.-d0.f3.f3.-d3.-f0.r2.-d2.r2.f0.-r1.-f0.-r1
718,r3.f1.d3.-f0.-d0.r0.-r2.f1.f1.d2.-r1.-f2.-r2.-f2.-d1.-d0.f2.d0.r2.-d1.-f2.d1.f2
719,-f2.r3.f0.d1.-r1.-f1.-f2.-r2.-d3.-r1.d3.-r0.-d3.r1.f2.r0.d2.-r1.-d2.-r0.d3.r0.-f3.-r0.f3
720,r1.-d0.-f0.f2.-r3.r0.-d3.-f3.-r0.d1.f1.f1.-d0.r0.-f1.-r0.d0.-d1.r0.d1
721,d3.d3.-f2.-r0.-f1.d1.-r3.-f3.r3.-f2.-d0.f2.r0.-f0.d2.f0.d2.-f0.-d2.f0.r0.f2
722,-f1.f0.d0.-f2.d0.-d2.f0.-r0.f0.d1.f0.-d2.-f0.-f0.d2
723,r0.f3.f0.-d2.f0.r2.d1.r0.-f2.-r0.-r0.d3
724,f1.-r1.f0.-r3.f1.f2.d1.-f0.-d3.-f0.-d1
725,r2.-f0.-d1.-r1.f0.d0.-r0.-f3.-f1.-r3.f1.f1
726,r2.f3.d2.f0.-r3.-f2.d3.f0.f0.-r3.f3.-d0.-d0.-r1.-d1.r1.r0.-f1.-r0.f1
727,-d3.f3.-r2.f3.r1.-f0.-d1.f0.r3.-f2.-d3.f2.-r3.-f2.-r3.f2.-r3
728,d1.r1.r1.-r2.-f1.d0.r0.f3.-r3.d2.-r3.-d3.-f1.f3.f3.d3.-f3.d2.r3.d2
729,-f2.-f0.r0.-r1.-f3.r3.-f3.-r2.f0.f0.r0.-f0.-r0
730,d0.f2.-r2.f2.-r3.f3.f3.d1.-f1.-f3.-r3.f1.r0.f1.r0.d3.d3.-f3.-d3.-d3
731,f1.-f3.r1.r3.d3.r0.f0.d0.-r0.f3.f3.d2.d2.f2.f3.-d0.f3
732,d1.-r3.-r1.-f0.r2.f1.r3.-f0.-r1.-d1.-d1.-r3.-r3.-f0
733,f3.-r0.d3.-f3.d3.-d0.r0.-d1.-f2.d2.-f2.f1.f1.d0.r3.-f2.-r3
734,f1.-r2.-r1.-f2.d3.-f0.-f0.-d2.-r3.-r3.-d0.r3.r3.-f1.-f1
735,-f1.r0.d3.-f3.f2.d1.d1.r0.r0.-f0.-f0.-f1.-d1.f1.d1
736,f1.-d2.r2.-r0.r3.d0.r1.-f0.-f3.d0
737,-f1.-d0.f0.d1.-d0.f0.d0.-r3.d2.-f3.-f0.-d2.-d1.r2.d1.-r2.-f0.-d1.f0
738,-r2.-f2.-r1.-d2.d0.-r0.-f0.-d3.r3.-f3.-r2.-r2.-f3.d1.d1
739,-r3.f3.-r2.f2.-r0.-d0.-f3.-d3.d1.f3.d1.-f3.r1.f3.f3.f2.r1.-f2.-f3.-f3.-r1.f3.f3
740,-d0.-f3.r1.-r3.r2.r2.d2.-f0.-f0.-d1.-d0.f0.d0.f0.-r2.f0.r2.-f0
741,r0.-f1.-f3.-r3.-r1.f0.-r3.r0.-d3.-r0.-d1.-d1.-r1.r0.f1.-r0.r1.-d2.-d2.-r1.d2.d2.r1.r1
742,-f3.r1.-d3.r1.d2.-f2.d0.d0.-r0.f1
743,f3.d2.-d0.-f2.r3.-d1.r0.d0.r0.-d0.-r0.d0.f1.f1.-d0.r2.d0.-f3.-r1.d3.r1
744,-r0.-d0.-r2.r1.-f3.-d0.r1.d3.f1.-f0.-f0.f1.d3.-f1.d2.-f0.d2.-r2.f0.d3.-f1.-d3.-f2.r2.d3.r2.d3.-r1.-d3
745,f2.d1.f2.-d2.d0.r0.-f0.r0.r0.f0.d0.-f0.d0.r2.d0.f0.f0.d0
746,-d3.f1.f3.r0.-r3.-f1.-d1.r2.-d3.-d3.-r1.d3
747,-f3.-r1.-d0.-f3.-d3.f0.r2.-d3.-f1.d0.f1
748,f0.r2.d2.f2.-d1.r3.-d1.f0.-d0.-r2.f0.f0.-d0
749,r3.-d1.f2.r2.r1.-f0.r3.-f2.r3.f2.-d0.r2.f0.-r2.-f2.r2.-f0.-r2
750,d0.-f0.d2.-f0.r1.-d1.-d1.d3.r3.-d3.r3.f0.-r3.-d0.-r3.d0.-r3
751,d2.d3.-f1.d1.r1.d2.f0.f0.d1.-r0.-d2.r0
752,-f2.-d1.-r1.-f2.-f0.d0.d0.-f3.d3.f3.-r1.-d3.-d2.-d2
753,r2.-r3.-d0.-f1.-r0.-r1.-d0.f0.-d3.-d3.f0.f1.-r0.-r2.-f1.r2
754,-d0.f3.-r3.r1.f3.r1.d2.r2.-f2.-f3.d2.f3.-d2.f2.-r3.-f2
755,r3.r1.d1.r1.d2.-f0.r1.-f1.r2.d0.-r1.-r0.-d1.r2.-d0.r0.-r2.d0.-r0.-d0.r1.r2.d0
756,r0.d3.-r2.d0.-d2.-r0.d1.f3.-d3.r3.-f2.-d3.-f3.-f3.r3.r3.r0.f0.d3.-r2.d3
757,-d3.r3.d2.f0.r1.d2.d1.f2.f2.d3.-r1.-d3.-f1
758,f0.-d3.f3.r3.f0.-d2.f3.r0.r0.f2.-d2.-r0.d2.d2.-r0
759,-f0.-r2.f1.-r2.r1.-d3.-f0.f3.-d3.-r1.r0.-d1.-r0.d3.-f3.d3.d1.-r0.f1.r0.-f1.-d1.f1.f1
760,d2.f0.-r0.r3.f1.-d0.-f3.-r3.-r3.d0.-f0.-f2.-f2
761,-r0.-d0.f3.-f2.d0.f3.d2.-r1.f1.r0.d2.-r0
762,-r1.r2.f3.r0.d1.-f0.d1.d3.f1.r3.d3.-r3.-r3.d3.-f0.d3.-r3.d3.f0.d3.-f0
763,-f0.-d0.d2.-f0.-r1.r3.-f0.-d1.r3.f0.-r3.f0.-f2.-d3.r1.f2.d3.-f2.-d3.f2.d3.-f1.-d3.-d3.-f2.d3.d3
764,-f3.-d2.f2.d3.f1.d3.-f3.d3.r3.f1.-d3.d1.-f1.-r1.f1.-d1.-f1
765,r2.-f0.-d3.-r1.f2.-f3.r0.f3.d0.-f3.r2.r2.-d0.-d0.f0
766,f2.-f0.-r1.-d2.-d1.-r2.-r3.f2.d3.d3.r0.d1.d1.-r0.-f2.-f2
767,-f3.d3.-f2.r2.-f1.r1.-d3.f0.-r0.-f0.-r3.d0.-r3.f3.-r3.f3.-r3.-r3.-f3.r3
768,-r3.-d3.r1.f3.r2.-d3.r0.-f0.r0.d3.r2.-d1.-d1.-r2.d2.-f2.-d2
769,-f1.-d3.d0.-f3.d0.-f3.-d1.r0.-d3.r3.-f3.d2.-r3.-f1.-f1
770,-r3.r0.f0.r1.d1.-f3.-d2.-d2.-d3.r0.-f0.d3.r2.f0.-r2
771,r1.-f0.-r1.-d3.r2.-d2.f3.-d2.-d3.r0.d3
772,d3.r3.r2.f3.d2.r0.-f0.d3.d1.-f1.d1.-f1.-d1.f1
773,d1.-r3.-f2.r1.r2.f0.r3.f0.d3.d3.d2.-r3.-r3.-d1.r3
774,-r0.-f3.r0.f2.f2.-r2.d0.d0.-f3.-d0.-r0.-d3.d0
775,-d3.r2.-d3.d0.-r1.-f3.r0.f2.r0.f3.-r1.-f3.r1
776,-f0.r0.-d2.r0.-f1.r3.-f1.r1.-f3.r1.f3.-d1.r3.-f1.r3.d1.-r3
777,d1.f2.-r0.-f0.-d0.-f0.-r2.d3.-r2.d3.f0.-d3.-f0.d3.f0
778,d1.-r0.-f0.-d3.r1.-f1.-r2.r0.f3.-r2.-d3.-r0.d0.-d3.f3.-d1.f3.d3
779,-f2.d2.-r2.-d3.-d0.-f0.-r0.-d1.-d3.f3.r0.-f3.r0.r0.-d1.-r0.d3.r0.d1.-r0.-r0
780,-d3.-r2.-r0.f2.r3.f1.-d0.-f3.r3.f3.d3.-f0.-d3.f0.d3.d3.f3.-d2.-f3
781,d1.d0.-f3.r2.-r0.d2.-r3.-f0.-r0.f0.-r0.-d1.r0
782,r2.f3.r2.-f2.-d0.-r3.-f0.r1.-d1.f0.-d0.-f0.d0.f0
783,-r3.d0.r0.r0.-f1.-f2.-d2.-f2.-d0.d3.f3.-d3.r2.r2.-f3.-d1.f3.-r2
784,-d3.r0.f0.r3.r2.f1.d3.d2.d2.-f3.d1.d1.-f3.-d1.-d3.f3.d3
785,r1.d3.r0.-f1.r0.d1.f0.d0.f0.-r3.d1.-r3.d1.r3.-d1.-r3
786,f0.d1.-f1.r2.-f3.r2.d0.d0.-r0.-d3.-f3.d0.f3.-d0.r3.-d0.-d0
787,-r1.-f2.d0.-r1.-f1.-r0.f2.r3.f1.-r0.-f1.r0.-f0.d0.f0.f2.d2.-r0.-d2
788,r0.-d2.-f0.-d0.d1.-r1.r3.r3.-f2.-f2.-r3.f3.-r0.-f2.r0
789,f0.d0.f3.r3.r2.-f2.-f2.r0.r2.d3.-r1.-f1.-f1.-d0.f1.-d0.-r2.d0.r2.-d0
790,f0.d3.r0.-d0.f2.d2.r1.d2.d1.f3.d1.-f3.-d1.-d1.f3
791,d3.-r0.f3.d3.-d2.-r3.f2.-f0.-r3.-f3.d1.-r0.f3.f0.f0.r2.-f0.-f0
792,-f3.d3.r3.-r0.-r2.f1.f2.-r1.-r1.d1.f2.-d3.-f2.-d1
793,-r1.f1.d2.-f2.r2.f0.-d0.-f0.-f0.d3.f0.-d3.r3.f3.r3.-f3
794,-r3.d0.-r0.f3.-r2.d3.d3.r0.-d1.-r2.-r2.d0.d0.f1.d0.d0
795,-d3.d0.-f0.-d2.r2.-f1.d0.-r0.-d3.r0.r0.d0
796,-d1.f0.d2.f3.-f1.-d2.-r2.-d3.r2.-d2.r2.d2
797,-d2.r0.r1.f2.r1.r0.-f1.r2.d2.r0.-d0.-r0.-d0.r2.d0.-r2.-r2.d0
798,-d0.-d0.-r2.f3.r0.f3.d1.d3.f2.-d3.d2.-f0.d2.f0
799,-r0.f3.d1.-f1.-f0.-f0.-r0.f2.r0.-d3.-f2.-r2.-r2.d0.-f2.r2.f2.-d0.-f2
800,d0.r1.d3.f0.-d0.f3.r3.f0.d1.-f3.-d1.f3
801,f1.r1.d0.-r0.f1.-r2.-d3.f1.r0.r3.f3.d1.f3.d1.f3.-r3.d3.d3
802,r2.d1.r2.-d3.-r1.d2.r3.-d2.r3.-d1.-r3.d0.f0.d2.-d0.r3.d0.-f0.-d0
803,f1.-r2.d0.f3.-r0.r1.d2.f0.r1.d0.f2.d0.-r2.d2.r2.-d2.-r2.d2
804,r1.d3.f3.-d0.f3.r0.r0.-d2.-d2.r3.-r1.d1.-f0.-r1.f0.r1.-f0.-r1.f0
805,-f0.d0.r3.f1.-d2.d0.f2.-r0.-f3.d2.f2.-f3.-r0.f3.-d0.f0.-d0.-f0.d0
806,-d3.-r1.f3.d0.-d1.r0.-f2.d2.f3.d1.d1.r2.-f3.-d1.d0.r1.-d0.-d0.f3
807,-f0.r0.f3.-d3.r1.-f1.r2.-d1.r3.f0.-r0.-r0.d3.-f0.-d3.r3.-d1.-r3.d1
808,f0.-r0.-f2.-f2.r3.-f3.r2.d3.d1.d1.r0.f1.r3.f1.-r3.-f1.-r0.-f1.r0.d2.r3.-d2.-r3
809,-r0.r3.-f1.-d0.-r2.f2.d2.-r0.d2.-f3.-d3.f3.d1.-f1.-f1
810,-r2.d0.-f2.-f1.f0.f0.-r3.f3.f3.r3.f3.d2.r3
811,f1.-f0.-f0.r1.d0.f2.d0.r2.d3.r2.r2.d3.r3.-d3.-f0.-d0.-r3.f0.f0.-r3.d0.r3.-d0
812,d3.f2.-d1.r0.-f0.d2.-d0.r0.f1.f3.d2.-f1.-d0
813,f2.-r2.d0.r1.-f0.d1.d3.r2.r3.d3.-f1.d1.-r3.-d2.r1.-d2.-r1.-f0.-d1.f0
814,-d1.r1.f2.r2.-f3.f1.d1.-r1.f0.-d3.r3.-d3.-r3.d3.-r1.-d3.r1.-f1.d3.-r1.-d3
815,-r2.r3.f0.d3.-f3.-d0.-r2.-f2.-r2.f3.r0.d1.r0.-f2.-r0.-r0.-d1.r0.-f3
816,d2.d1.r1.-f1.-r3.d3.-r0.r1.-d2.-d2.-r3.f3.-r3.-r3.-f3.r3
817,-d2.-r0.d3.-d0.f3.-r1.f3.r0.-f2.f3.d3.d3.r0.-d3.r0.-d3.-r0
818,-d1.-f0.f3.d0.-r3.-d1.-f2.d1.-f3.-d2.f3.f3.d2.-f3
819,r3.-d3.f2.-d2.r0.-f1.-d3.-d0.-f3.d0.f3.-r2.-d3.r2.-f3.-r2
820,-d0.-r2.f0.-d1.f1.d3.-f2.f3.-d0.f3.-d1.d3.-f2
821,-d2.r3.-r1.f2.f0.-d0.r2.-f0.-d1.-d3.-f2.d3.r2.-d3
822,f3.-r1.f2.-d3.-r2.-f1.d0.-r3.f1.-r0.d3.r0.-r1.-r1
823,-f3.-d1.r3.-d3.-r2.r1.r1.f1.-r0.d1.-r0.d1.d1
824,-d0.f3.-d0.-r1.r3.f3.-r2.d1.d3.d3.-d2.r1.r0.-d1.-r0.d1
825,-r0.-d1.r3.-f0.d3.r2.-f2.f1.f1.r2.-d0.-d1.r2.d1
826,f0.-f3.-r3.f3.-d3.-r0.-d3.-d1.-f0.-r2.d1.r2.d1
827,r3.-d2.r3.-d3.f2.-f0.-d1.-f3.d2.r1.-d2.-f0.-d2.f0
828,-d3.f3.-r2.-d0.-r0.f0.-d2.-d2.-r3.d2.-f0.-d3.r3.d3.-r3.-d2.f1.-r3.-f1
829,-f3.-d2.-d1.d0.f0.-r1.d0.d0.r1.-r2.f2.f2.r2
830,-f0.r2.-d1.-f0.-r1.-d3.d0.f1.r1.-d0.-f1.r0.d0.f3.r0.-d0.-r1.-d3.d0.-r0.-d0.-r0.d0.-f3.-d3.f3.d3
831,r3.-d1.-f0.r0.-d0.f3.d3.-f1.-r2.f3.r2.-d1
832,-d1.r1.f1.d3.f1.-f3.d0.-d3.f3.f3.d3.r3.f1.r3.-f1.-d2.-r3
833,-r3.f0.d3.r2.-d2.f0.-f1.d1.-f1.d0.d0.f2.-d0.-f2.d0.f3.r2.r2.-f3.-r2.-r2.-d0.-d0.r2
834,-d2.-r3.-r0.r1.-d0.f2.r1.f2.-r0.-f1.d3.d3.-f1.-r2.-d2.r2
835,-r3.d3.-r1.f3.-d0.-r2.f3.-f1.r3.f1.f3.-r2.-f3.-d1
836,f1.-r3.-d1.f1.f3.r3.f3.d3.f0.f0.r3.-f1.r0.-r3.-d3.f3.r2.d3.-r2.-d3.-r2.-r3.-f2.-d3.f2.d3.r3
837,f1.-r3.-f1.-f3.r0.d0.f0.-d1.-f1.-d1.-f3.-r0.f3.r0
838,f3.d1.-d0.r3.-d0.d3.r0.r0.-f2.-f1.-d0.-r2.f1.-r2.-d0.r2.d0.f1.d0
839,-r3.-f1.r2.-f3.r2.-d2.r3.f2.-d1.-r3
840,-f3.-r3.d0.d1.-r2.f3.-d2.f1.f3.r3.-f1.-f1.r0.-f3.-r0.-f3.r0.f3
841,-f0.d1.d2.d2.r2.-f0.-f3.r0.r0.r1.d0.-f3.d0.-r2
842,r3.-f0.-d0.-f2.d1.-f1.d2.-r3.-d2.-r2.d3.r2.r2.-d2.-r2
843,-d2.-d0.f1.d1.-f3.f2.r3.f0.r0.-d3.-d3.f2.r0.-f0.d3.f0.d3.-f2.-d3
844,-d2.-f2.-r2.-d3.-r0.d1.-r1.-f0.-f0.-r1.-d1
845,r2.d2.f0.-r0.-d0.-r0.f0.r1.r1.d1.d1.r2.d1.d1
846,-d2.-f3.d3.-f1.-d0.-f0.r3.r2.f3.d3.-r2.d3.r0.r3.f3.r0.f3.-r0.-f3.-r0.-r3.d3.r3.-d3.-r3.-f0.r3
847,r2.d3.-d2.f3.d0.-r0.r2.d0.r2.f0.-r3.-d1.-d1.-r3.f2.r3.d1.-r3
848,-f1.-f1.r3.d3.d0.-r3.-f0.r2.f3.-d3.f2.d3.d3.-f2.d3.d3
849,-r1.-d3.f1.-f0.-d0.r2.d3.-f2.-f0.-f0.d3.-r1.-r1.-d3
850,-f3.f0.d3.-r3.-f1.r0.d1.-d3.-r1.f2.d3.r3.d1.-r3.d3.f1.-d3.-f1
851,f1.-r2.d2.-d3.f1.-d3.-r2.-d3.-f2.-f2.r0.f2.f2
852,-d1.-r2.f1.r1.d0.f3.f0.f0.d0.-d3.-f1.-r3.-f1.r3.-d2
853,d0.d2.d3.-f0.-r2.d3.-f2.d3.d1.r1.-d1.-r0.d2.d2.r0
854,-r0.f3.-r3.-d0.f1.d2.-d1.r1.-r0.-d3.-f0.r0.f1.-f2.-d3.f2.d0.f2.d0.f2.-d0.-d0.-f1.-r0.f1.r0
855,f0.-d0.f0.-r3.f1.-d1.r0.-f2.-d1.-d0.-r0.-f2.r1.r0.d0.r0.-f1.-r0.-r0.f1.r0
856,-r0.-f3.r1.-d1.-r3.-d2.-f2.-r0.-d3.r0.-d0.-d1.-f3.d0.d1.r3.f0.-r3.-d1
857,d3.f3.-d2.-r3.f2.-r2.f3.-d0.r0.f2.r2.-f2.d1.-f2.-d0.f2
858,-d0.-d2.d1.-r1.r0.-d2.r3.-r2.-d0.r3.-r0.-d0.f3.f3.-d0.-d0.-f3.r0
859,d3.-r1.f0.r2.-r3.d2.f0.-d1.-r0.d2.-f2.r0.-d1.-r3.f3.f3.-r0.-f3.-r2.d2.r2.-d2
860,r3.-d1.-r2.-r2.d0.f1.-r0.-f1.d0.f1.-r0.f2.f2.-f0.-d1.f0
861,d3.f0.r3.f3.d2.-r3.d0.f1.f1.r1.-r2.-f2.d2.f2.r1.r1.-f2.-f2
862,r2.f2.r2.f2.-d2.r0.-f1.r3.-r1.-f1.d0.f3.f3.-d3.f3.-r0.-f0.f3.r2
863,f0.-r1.f0.-d3.-d0.-d1.-f0.-d3.f3.d2.d3.f3.-r1.d3.-f3.-r2.-d3.-d3
864,-r0.-d3.-r0.r3.f2.-d0.-f1.r3.-f2.r3.d0.f2.-f0.-d0.-d0.f0.-d0.-f0.d0
865,r0.-d2.f1.-d3.-r1.-d3.f2.r3.f2.d0.f2.d0.-f0.-f0.-r2.f0.f0.d0
866,-d1.-f0.-f0.d3.r0.d1.-f2.-r2.f1.-r2.f3.-d1.-f3.-r0.-f3.r0.r0.d1
867,-d0.-r1.-d1.-r0.-r3.f1.r2.-d3.-r2.-r2.-f3.-r1.-f3.-r1.f3.r1.r1
868,d0.-f2.-d3.f3.d1.-r1.-d0.-r2.-f1.-f1.-d0.-r3.f1.-d0.-f1.r2.f1.-r2
869,-d2.-f3.-d1.-r2.r3.-f3.d3.-d0.-r3.-d0.-r1.-d3.r1.d3.-r2.-r2
870,f3.d0.r1.d2.-f3.-r3.-d0.-f0.-r3.-d2.-r3.-f1.d0.-r1.f1.r1.-d0.-f1.r3.d0
871,d3.f3.-r2.f1.f1.-d0.-r3.-f1.-r0.-r0.d3.r1.f2.-d3.-f2.-d3.d2.-f2.r3.-d2.-r3.-d3.-r1.d3
872,-r2.d1.f2.-d2.-d2.-d0.r2.-d0.f2.-d0.-d3.-d3.f2.d3.d3.-f2
873,-f2.d1.-d3.-f2.d2.r0.-f0.d3.d3.f0.-r1.-d3.-f3.r3.f3
874,r3.f1.-f3.-r0.-d3.r3.-d0.f3.-r2.f2.-d2.-f2.d2
875,-f0.-d3.-f0.-r1.-d3.-r2.-f3.-r0.d1.r3.-d1.-r3.-r1.-d2.-r1.d2
876,-r3.-d2.r0.d3.-f0.d0.-r0.f0.r2.r2.r3.f0.-r3.r0.-f2.-r0.-f0.f2.-d2.-r2.-d2.r2.d2
877,d1.r0.-f0.d1.-f3.-r2.d0.r3.-f0.d3.f0.d1.r0.-f0.r0.f0.r2.-d1.-r2
878,f3.d1.-r2.d0.-r1.-r0.f3.-d3.f3.r2.f1.f1.-r2
879,r2.-r3.-d2.-d0.-f0.d3.-f2.-f2.r0.f2.d0.f1.-f3.-d2.-r3.f3.f3.r0.-f3
880,f3.d0.f0.r2.-d3.f0.-r3.d1.-f0.-r0.f2.-r0.d2.-d1.r2.d1.-r0
881,-d3.r3.f0.-r1.-d0.-r2.f2.-r2.-d3.r2.-f0.r2.-f1.-r0.f0.-d2.-f1.-f0.d2.f0
882,-f1.r1.d0.d0.r2.f3.d3.-r2.f3.f0.-r2.-d0.f3.d0.-f3.-d0.f3.d0.-f3.-d0
883,-f0.-d3.-f3.d1.d3.r2.d2.d2.r0.-f0.-r0.-d0.-r0.d3.-f3.r0.-d3.-r0
884,-d1.r3.-f3.r2.f0.-d1.-r0.f0.d0.r2.f1.d0.-r2.-d3.r2.d3.-r2
885,-f2.d3.-d2.-r2.f3.-d0.-d2.r1.-d0.f3.-r3.d0.-f3.r1.-d0
886,-f2.-d1.-d0.r0.r3.d0.r1.-d3.-r2.d3.f2.r2.-f2.-r2.f2
887,-f2.-d3.-r3.-r0.-d3.-f0.-r0.f0.f0.-r1.r3.d2.f0.r1.-f0
888,f0.-r2.f3.-f2.-d0.-r3.-f3.r1.f1.f3.-d1.-f3
889,r0.r3.r3.f3.r0.-d1.-r1.-r0.f1.f1
890,f1.-f0.-f0.-d3.-r2.-f2.f0.f0.f3.r1.-f3.d0.d0.-f0.-r0.f0.-r1.d0.d0.r1.-d0
891,-r1.-d1.r2.-f2.f3.-d0.d3.r0.r1.d3.-f3.-d3.-r0.d2.d3.r1.-f3.-d2.-d2.-r1.d2.d2
892,r1.-r2.f2.d0.-f3.-r2.d2.-r1.-f3.r1.f0.d3.-r3.d3.-r1.-r1.d3.r3.-d3.r1.-d1.-r1.d1.r1
893,f0.-d3.f2.-r1.f0.d1.-d0.-r3.-d3.-f3.d3
894,d3.-d0.-f2.-f3.-r0.f0.-r1.f3.-d2.-r0.-f0.d3.f1.-d3.-d3.-f1.d3.r0.d3.d3.-f3.d3.f1.d3.d3.-f1.d3.f3
895,f1.f3.r2.f0.d3.f3.-d0.-r0.-d1.-r0.f2.f1.f1.r0.d2.-r0
896,r0.-r1.f3.r3.d3.d0.-f2.-f2.d0.d0.f2.r0.-f2
897,-d2.-r3.-f3.d3.r2.-r3.d3.f2.d0.f3.d0.r3.-d0.-d0
898,f0.-f1.-r0.-d0.-f3.-d0.-r2.-d0.f1.d1.-f1.-d1
899,-d2.-f2.-r3.-r1.-f0.d0.d0.-f2.r3.f3.-r3.-f2.-d0.r0.d2.r0.-d3.-f0.d3.f2.-d3
900,d2.-f1.-r3.f2.-r1.-f0.d3.-f3.-r0.f3.-r0.d2.d2
901,r3.-f0.r1.-d0.r3.-r0.-r2.-f1.d3.-r0.-f0.-f0
902,f0.r3.-r0.-d1.r3.d2.d0.-r3.r1.-d0.-r2.-r1.d0.-r1.d1.r1.r1
903,-r0.-f2.r2.f0.-r1.-d0.f1.-d0.-d3.-r3.-r3.d3.-r1.-r1.-f0.d2.d2.-f0.d2.f0
904,d1.f0.-f1.d0.f2.-r0.r3.r3.d2.f0.d2.r2.f0.-d2
905,-r2.-r3.-f3.d1.-r3.f1.-r1.-d3.r0.r0.f3.-r0.-r0.-d3
906,-d2.d3.r1.-d1.-r0.-f3.-d0.-r2.d1.d1.-d0.-f0.r0.r0
907,-f2.r2.-f1.-d2.-d0.r1.-f1.d3.-f3.-r2.-d3.-d0.r2.f3.d0.f1.d0.-f1.-d0.r0.f1.-d0.-r0.-f1
908,f3.-r0.-d0.-r3.f1.d3.r2.f3.r2.d1.-r2.f2.-r2.f1.f1.-d3.-f1.-f1
909,-r0.d2.f2.-d0.-d1.r3.-f3.-r3.-r0.f0.-r3.-d1.r3.d3.f0.d1.-r0.-f0.-f0.r3.d3.-r3
910,-f2.-d3.f3.-d2.-r3.d3.d3.d0.f0.f0.-d0.f2.-r3.-f2.d0.-f0.-d0
911,f1.-f3.-f2.-d2.f0.-r0.d0.-r2.-r2.r1.-f0.-f0.-r1.-d1.-d1.f0
912,d0.-f0.-r2.d0.-d1.f0.-d2.-r0.d3.f0.r0.d3.d3.-f1.-f1.-r2.-d3.-r2.d3.-f1.d1.f1.-d1.-f1.-r1.-d3.f1.d3
913,f1.-d3.r0.r2.f2.f0.-d3.f1.r3.d3.-f1.-f1.-r3.d1.r3.f1.f1
914,r2.d2.-r0.-f2.-r3.-f3.-d1.r0.-f0.-f0.d2.r0.-d2.-d1.r0.d1.-r0.-d1.r0.d1
915,-f2.-d3.-f3.f0.r2.-d3.-d0.f3.-d1.-f3.r1.-d0.f3.d0.-f3.d0
916,-d1.r2.-d3.-f0.f2.-r3.-d2.-r3.d0.-r1.-d0.-r1.-f3.d0.d0.f0.-r3.d2.-r3
917,d3.f0.-d2.d0.-r0.f2.-r2.f1.r1.d2.f3.-d1.-f3.d2.-r2.-r2.d1.r2
918,-r2.f2.f0.-d0.-f1.-r1.-d3.-r0.-f3.d2.f0.-d0.-f0.-d0.-d2.f0.d2
919,-f1.d3.-r0.-r0.-f2.d0.r0.-d1.-r1.d1.-f0.-d3.f0.-d1.-d1.-f0.d3
920,-r1.r0.-r2.-d0.-f3.r2.r2.-f3.-r0.-d0.f1.d0.d1.r0.-d1.-r0.-f2.r0
921,f2.r3.-d3.-f1.-f0.r0.-r2.-f1.-r3.f1.-f2.-r2.f2.-r2
922,-d2.f2.f2.-d3.-f2.d0.r2.f1.-d0.f1.f0.-r3.f1.-f0.-r3.f0.d1.r3.-d1
923,-f2.-f0.d3.-f2.d0.-r3.-r3.f3.d2.f2.-r0.-d2.r0.-f2.-f2.-r0
924,r0.d3.r2.f3.d3.-r3.-f2.d0.-f0.d1.-f0.-d3.f2.-r0.-f0.r0.-d1.f2.d1.-f2.-d1.-d1
925,d0.-f0.r1.-d0.d1.-f2.-d3.-r2.-f3.d3.f1.-r3.-f1.-d1.f1
926,-f0.-d2.f2.d0.-r3.-f1.d0.-f0.-d1.f0
927,-d3.-f2.-r3.r0.f0.-r2.-d0.f2.-d1.-r0.-d1.r0.f0.-r2.f0.-r1.-f0.r1
928,-r3.-f1.d3.f3.-r3.-d2.f3.r2.-d2.f2.-d2.-r2.d2.r2
929,d1.-r3.-r1.-f0.-d3.-r3.-f1.d1.-f0.-r2.f0.-r0.f2.r0.-f2.-r0.d2.r0.-d2
930,r3.r1.f1.-r2.-f2.r1.-f3.-f0.d0.-f0.-r0.-r0.f2.f2.r0.-f0.d0
931,r0.-d0.f0.-f2.r2.d0.f3.r3.d1.-f2.d1.d2.r2
932,-r0.f0.-f3.-d3.-f0.d0.d1.-f2.-r2.d1.-r2.d2.r2.f1.-d2.-f1.f3.d2.-f3
933,f3.r3.-d3.r0.-d1.f3.r1.-d0.-f2.-f3.d1.f3.-f2.-f2
934,d3.-r1.d2.d3.r3.r3.r2.f0.r2.-d0.-r1.d0.d0.r2
935,-r0.-d3.-f2.d2.f1.r1.d0.-r3.f3.-r2.d0.d0.f0.-d1
936,-r2.-d3.f0.f2.-r3.f3.-d1.f1.-r3.d0.f1.f0.r3.f1.r3.-f1.-f0.-f0.d1.d1.f0.f0
937,r1.-d1.r2.d3.f0.r1.r3.-f3.d0.f2.-d0.r1.d0.-r3.-d3.r0
938,d0.-r0.-r2.-f0.-r1.-d2.-f2.-r3.r2.f2.f2.d2.-f2.-d2.f2
939,r2.-d0.r3.d1.-f1.r0.d3.f3.f3.-r1.-d3.-r1.-d3.-d3.f2.f2
940,-d3.-d1.f3.-r3.-f1.-d0.r1.r3.f0.d3.d3.-r3.-f1.r3.f1.-r3.-d1.-d1.r3.-f2.-r3.f2
941,f3.-d2.-f0.-d0.-f3.-d0.d1.r3.f1.r3.d0.-f1.r3
942,f2.r3.f3.-r0.-r1.-f2.r2.-d1.f1.f1.-r0.-f1.-r0.-d1.f3.r2.-f3.r0
943,-f3.-d0.r3.f0.d3.f2.-d1.r1.f3.r2.-f3.-d1.r1.d1.-r1.-d1.r1.r1.f1.-d1.-f1.d1
944,-r3.d2.f0.d3.-r3.-r0.-d1.-d1.-r0.-f2.f1.f1.d3.d3.r0.r0.d3.d3
945,f2.d3.-r0.-r0.f2.-d2.f0.-r1.d2.-f0.-d2.f0.d0.r0.d0.-r0
946,-f3.-r2.-f3.d2.f1.f3.r0.-r3.-r3.-f0.-d0.-f2.r3.-f0.-r3.f2.-f0
947,f2.-r0.-r3.f1.-r3.d0.d0.-r0.-f2.-r1.r0.f0.f0.-f3.-r0.f3.r1
948,-d2.-r0.-d0.-r1.-r0.-d3.f3.-d3.-f2.r2.r2.d3.f1.d3.r1.-d3.-f1.r0.d2.-r0.f1
949,f3.d2.-r1.-d0.-d0.f3.-r2.-r2.r3.-d1.f0.-r3.-f0.-d0.-r3.-f3.r3.f3
950,r0.d3.-f3.r3.-f2.r0.-d2.f3.-d3.-r0.-d3.d1.d1.f0.-d1.r2.d1.r2.d3
951,-r2.f2.-d0.-d1.f3.-d3.-d3.-f0.r2.d1.-r2
952,d2.-f0.f2.-d2.r3.-f3.-d3.-d3.-r2.f3.d2.r2.d1.-r2.-d1
953,r2.f0.-f2.-d3.-r1.-f3.f1.f1.-d3.-r3.-f0.r3.r3.-d0.-r3.-d1.-r3.-f2.d1.r3.-d1
954,-d1.-r3.-d3.-r3.d0.-r3.-f3.-r1.f2.r1.-r2.f0.r2
955,d1.f1.-f0.d3.r3.-f2.d2.d1.-f0.d1.-f2.-d2.f2.d0.r0.-d0
956,-f0.-r3.-r3.-f1.r2.-d2.-f2.d3.-r0.d2.d2.f2.-d3.-f2.-d3.-r2.d3.d3.r2.f0.r0.-f0
957,d3.-f1.r1.f2.-r0.d3.-d0.-f3.-r1.-r1.-d0.-f2.d0.d0.-r0.f1.r0.-d0
958,-f1.-r1.-d2.-r1.f0.f3.f2.r3.f0.r0.-d1.-f0.d1.r3.d3.-r3.-d3.r3.d3
959,-d0.-r3.d0.f3.-d3.-d3.f3.d0.d0.d2.-r2.-d2.-r2
960,f2.d0.-r2.-r3.f3.-r0.-r0.d2.f0.r2.-d3.-r1.-r2.-f0
961,-f1.-d1.d2.f0.-r0.d3.r2.d3.f2.r0.f2.-r0.-f2.-f2.r0.-d1
962,r2.-d0.f0.-d3.d1.f2.-f1.d1.d0.f1.f1.r0.-f0.-f2.-d3.-f0.d3.d3.f2.-d3
963,-f2.-r2.-f2.-r0.d3.r0.-f1.-d2.r2.f0.f0.r1.-f0.-f0.r0.r0.-f0.-f0
964,-f0.-r0.d3.r2.-d1.-f0.-d2.d1.-f0.f1.d1.r3.f1.-r3.-f1.r0.d1.-r0.f1.-d1.-f1.d1
965,-f1.-r1.d0.f0.r2.f0.-r0.-d0.-r0.f1.d3.-f3.-d3.-f1.-f1
966,-d3.-r3.-r3.-f1.-d3.r1.-f3.d1.f0.d0.-f0.-d2.d0.d0.-d2.r1.f0.-r1.-f0
967,-r1.-d2.r2.f3.r3.d3.r3.d3.-f3.d2.f3.-d3.f1.-d3.r1.d3.r2.-d0.-r2.d0.d3.-f1.-d3
968,-d1.f3.d3.d3.-d0.f1.f1.-r1.d0.-f0.-d1
969,-f3.-f1.r2.f2.-d2.-r3.-d0.f0.f0.d0.-f0.d0.f0.f2.r1.-f2.r1
970,-f0.r0.f1.-d2.d1.d3.r2.-r3.d1.f0.-r3.-d0.r3.d0.r3.d0.-f0.-r3.-d0.r3
971,r3.-r1.-f3.r1.r1.f1.r3.d1.r3.-f3.d0.f3.-r1.-d0.r1
972,-d1.r0.r1.d3.r0.-d0.f3.-r3.-r2.f1.f1.-r3.d1.d1.r3.r1.f3.-r1
973,-r3.f3.-d2.-f1.-r1.-r2.-f0.d3.f2.f2.-r2.d0.-r0.-f3.r3.-f3.-r3
974,r0.-d2.r0.r3.-d0.-f1.-f3.-r0.-r1.-f3.r1.f1.-d1.-f1
975,f0.d3.-r2.f0.d3.f3.f3.f2.-r2.r0.d1.-f0.-r0.-d2.r0.-f0.-d2.f0.d2
976,d1.-r3.f0.r3.f2.-f3.-f3.f1.f1.-d1
977,d1.f2.d3.f3.r1.d3.-r1.-d0.f1.f3.r3.f2.f2.-r3
978,d3.-r2.f0.-d2.r3.-r0.d2.-f2.d2.-r1.-r1.d2.r0.-f2.-r0
979,-r3.-f3.r0.f1.d3.-r2.r1.-r2.f0.f0.r1.f3.-d1.-f3
980,f3.r0.-r1.-f3.-d1.d3.f0.-r1.r0.d3.r0.f3.-r1.-f3.r0.r0.-f3.r1.f3
981,-f2.d2.r1.-d3.r3.-f0.-f0.d0.-f0.d0.f0.-f2.r2.-f2.-r2
982,-r0.f0.-d1.f3.-r0.-d1.-f2.-d1.-d3.r2.-f2.-r2.d0.r2.-d0
983,-r1.f3.d2.-r1.d3.d3.r0.r0.-f0.-r3.f0.-r3.r0.-d3.-r0
984,r0.d1.f3.f3.-r2.r1.d3.f1.r0.-d1.-d1.-f1.r0.f1.-r0.-f1.r0
985,-r1.-d0.f0.d0.-r2.-r2.-r0.-d0.-f2.r0.-d1.f3.d1.-f3
986,-f3.-d3.-d0.-d0.f2.d1.-r1.f3.d0.-r3.-d0.-f1.-r3.d0.r1.-d0.-r3.-f2.r3
987,r1.d3.r2.-f2.d0.r1.f3.-d1.-r2.-d3.r2.-d3.-f0.d3.d3.f0.-d3
988,-d1.-r0.f2.-r0.-f0.d3.-r0.d3.-r0.-d2.f0.d1.d1.d2.d2.-f0
989,-f1.-d0.r0.r2.f1.-d0.-r3.f1.d3.d3.-f0.d1.d1.-f0.-f0.-d1.f0
990,f0.r2.d1.r1.-d3.-r3.r1.r0.-f3.-r0.-f3.r1.-d1
991,-f0.-r0.-f0.r2.-f2.-r0.-f3.r3.d3.r1.f0.-r2.f0.-r2.-f0.d3.-f1.-d3.-d3
992,-d0.r3.-d0.-f1.-d2.d3.-f0.d3.d3.d2.-f0.f2.r3.-d2.-f2.-r3.d2.r3
993,d3.r0.-r3.d2.-f3.-d0.r2.-f3.d0.-r2.-f3.d1.d1.f1.f1.r0.f1.f1.-r0
994,-f0.-r3.d3.r1.f2.d0.-f1.-f1.-r3.-f3.-d2.r0.-d0.r0.-d0.f2.r0.r0
995,r0.d2.r0.f1.-f3.d0.d0.f0.-r0.f1.d2.r0.d1
996,r0.d1.d3.f2.f0.f0.-r3.-r2.d0.f2.-d0.r3.d0.d3.d3
997,-r2.r0.-d2.-r1.r0.-d1.r3.-d3.f2.f0.-r3.-f1.-r3.-f0.-r3.-f0.r3.r3
998,-f2.-f3.r0.-d0.r3.-r1.d3.-f1.-r1.-r1.-f2.-d2.-r2.f2.r2.r3.f2.-r2.-f2.-r3
999,r3.-f0.d0.r1.-d1.-r0.-d2.-f3.-f2.r0.f2.-d3.f1.d3.d3.f1.-d3
1000,-r2.-f2.d0.r3.d1.-f2.-r3.d1.-r3.d0.-f0.d3.r3.f0.d3.d3.-r3.-d3.r3
1001,r3.-d1.r2.-f0.-r1.f3.-f0.r0.d0.-r0.-f1.r3.-f0.-d0.f3.f3.d0.f0.-d0.-d0.f0.f0
1002,r3.-f3.f2.r1.-r2.f1.r0.-d3.-f1.-r2.-f0.r3.f0.-r3
1003,f0.-r0.-f1.d0.-r3.-d2.-r3.d1.f3.r3.f3.-f2.d3.-f2.-d3.f2.f2
1004,-f0.r1.d3.-f0.d0.-f1.-r2.r3.d0.-r3.d0.-d2.r3.d2.-r3
1005,r2.-d2.-d3.-r0.-d0.f0.d1.f0.r1.d0.-f2.-d0.-f0.-d2.f0.d2.-r3.d1.-r3.-d1.r3.r3
1006,-d2.f2.-r0.-d3.-r1.d1.-f1.-r1.-d0.-f1.-f1.-r3
1007,f2.f3.-d2.-f0.d1.r1.-f1.-d0.d3.-r0.d1.r0.f0.-r0.f0.d3.r0.-d3
1008,f0.r0.-d0.d3.-f3.-r1.d3.-r0.d3.-r0.-f2.d1.d1.-r1.f2
1009,-r2.r0.-d0.r1.-f0.d2.r0.-f2
1010,r3.f3.r3.d3.-d1.-d2.-r0.-r1.-f3.-d2.-r1.r2.d2.-r2
1011,-r0.-f0.f2.r1.f1.f1.-d1.f2.r3.d0.r2.-f2.-f0.-r2.-f2
1012,-r2.f2.-d0.-f3.-r2.d3.-r3.-f0.r2.r3.-d1.-r3.d1.-f0.r3.f0.-r3.-d1.r2.d1.-r2
1013,-r0.f3.-d1.f1.d2.r0.r1.r2.-f0.-d1.-r0.-r0.-d3.f2.d3
1014,d3.f3.-d0.-f2.d3.-d0.-f3.-r3.d1.-f3.r3.d1.-r3
1015,d0.-r3.f0.-r0.-r3.-r2.-f1.-d3.r0.f3.-r2.-d1.-r0.-f1.r2.f1
1016,-d1.f3.r3.f1.-f2.-d0.-f0.-f0.-r1.r0.r0.f2.f2
1017,-r3.-f0.-f2.d2.-r1.-d0.-r1.-f2.d3.-f3.r2.f3.-r2.-f3
1018,-r0.-d1.f2.-d3.-d1.f3.f2.-f0.r2.-f0.-f3.r3.f3
1019,f2.-d3.-r0.d0.r2.r2.r0.f0.d1.-f0.d1.d1.-r0.-f2
1020,f2.-d2.-r0.-d2.f3.r3.f3.d0.r1.-d0.-f3.-f3.-d0
1021,-d3.-f3.-r0.d2.d0.-d1.f2.r0.r0.f2.r1.-d1.f3.-r2.-f3
1022,-r0.-f1.r3.-d1.-f2.r3.r1.d3.r1.r3.d2.-r3.-d3.-f3.d3.f3
1023,d1.r3.-f1.-d2.-f1.-r0.f0.r1.d2.f2.-r1.r0.-f2.-f2.-r0.-d2.-d2.-f3.d2.f3.-r1
1024,f1.-f3.-d1.-r0.-r3.-f2.-r3.d0.-r2.-d0.-r0.f3.r0.-f3
1025,d1.-f3.-d0.r0.r3.f1.-d0.-d3.-r2.-d3.-r2.f3.d3.f3.-d3.-f3.d3
1026,f2.f2.d3.-f0.f3.r0.d1.r0.-d3.f0.d3
1027,d2.r3.d1.-f3.f0.-d0.-r3.-d3.-r2.r3.f1.-r3.d3.r1.f3.-d3.f3.f3.r2.f3.f3.d3.-f3
1028,-f3.-r2.-d0.-f1.-r3.-f0.-d0.-f0.r0.d1.d1.f0.-r2.-f0
1029,-f1.r1.d0.-r2.-d1.f0.-f1.d3.f2.-d0.-f2.-r2.-r2.f3.d0.-f3.-d0
1030,-d2.f1.r0.f2.d3.-r0.d3.-f0.f1.-d1.-f1
1031,d0.f2.d0.r3.r1.-r2.-r0.-d3.r3.d0.-r1.d0.-r1
1032,-r3.f1.-f2.d2.-f0.f3.-d1.-d1.r2.r3.d1.-r3.-d0.-r3.-f3
1033,-d0.-d0.-r1.-d3.-f1.-d1.r0.r0.d2.f3.d1.d1.-r0.d1.d1
1034,d2.f3.-d2.r2.-f0.r2.-r0.f1.-r0.-f2.-r0.-d3.-f2.d3.f2.r0.-d3.-f2.d3.f0.-r0.f0.r0.-f0.-r0.d1.f0.-d1
1035,-f0.-f3.r0.-r2.-d2.f3.f2.r1.r1.f2
1036,-r0.-f2.d1.d3.d0.d3.-f0.f3.-r3.f3.-d0.-f3.-d2.-d0.-d0.f2.d0.-r1.-f3.r1
1037,r3.-d0.r0.r0.-d1.-r2.f3.r2.-d1.r2.-f2.d1
1038,r2.-d0.-f2.f1.-f3.-d0.r2.d2.d2.r3.f0.-r3.-r3.-d2.-r2.-d2.-r2.d2.r3.-d2.-r3
1039,-f0.-d1.-r3.-d1.r1.-d3.f3.d0.-f1.-f0.r0.d3.f0.-d3.-d3.f1.r0.d0.-f1.-d0
1040,-r2.f1.-r1.f1.-f2.-r3.r0.-f3.r0.d0.-r3.f3.-r3.f2.r3.-f2.r3
1041,-d3.-f2.-r2.d2.-r1.f0.-r1.-f1.-f1.r3.r0.-d2.r0.f0.-r0.-d2.r0
1042,-d1.f2.-r2.-d0.f0.d2.r1.f3.-f1.-r1.r2.f1.-r2.-r0.-r0.-f1.-d3
